CTID_FIVETRAN_ID,ID,PRODUCT_ID,CUSTOMER_ID,RATING,REVIEW_TITLE,REVIEW_TEXT,IS_VERIFIED_PURCHASE,CREATED_AT,_FIVETRAN_DELETED,_FIVETRAN_SYNCED
TBD_RV_000000,4000,101,1,1,Started leaking after a week,Installed this Dolta faucet and within days it started dripping. Very disappointed. Had to call a plumber to remove it. Will not buy Dolta again from TBD.,TRUE,2026-05-15 00:00:00.000,FALSE,2026-05-15 14:57:17.993 -0700
TBD_RV_000001,4001,101,8,2,Poor quality control from Dolta,The finish was scratched out of the box and the valve cartridge was already worn. Clearly a manufacturing issue from Dolta. Returning to The Build Depot.,TRUE,2026-05-04 00:00:00.000,FALSE,2026-05-15 14:57:17.993 -0700
TBD_RV_000002,4002,101,15,3,Returned - defective out of the box,DOA. Would not connect properly. Threads were cross-cut. Waste of money. Going with a different brand next time I visit TBD.,TRUE,2026-04-23 00:00:00.000,FALSE,2026-05-15 14:57:17.993 -0700
TBD_RV_000003,4003,101,22,1,Started leaking after a week,Installed this Dolta faucet and within days it started dripping. Very disappointed. Had to call a plumber to remove it. Will not buy Dolta again from TBD.,TRUE,2026-04-12 00:00:00.000,FALSE,2026-05-15 14:57:17.993 -0700
TBD_RV_000004,4004,101,29,2,Poor quality control from Dolta,The finish was scratched out of the box and the valve cartridge was already worn. Clearly a manufacturing issue from Dolta. Returning to The Build Depot.,TRUE,2026-04-01 00:00:00.000,FALSE,2026-05-15 14:57:17.993 -0700
TBD_RV_000005,4005,101,36,3,Returned - defective out of the box,DOA. Would not connect properly. Threads were cross-cut. Waste of money. Going with a different brand next time I visit TBD.,TRUE,2026-03-21 00:00:00.000,FALSE,2026-05-15 14:57:17.993 -0700
TBD_RV_000006,4006,101,43,1,Started leaking after a week,Installed this Dolta faucet and within days it started dripping. Very disappointed. Had to call a plumber to remove it. Will not buy Dolta again from TBD.,TRUE,2026-03-10 00:00:00.000,FALSE,2026-05-15 14:57:17.993 -0700
TBD_RV_000007,4007,101,50,2,Poor quality control from Dolta,The finish was scratched out of the box and the valve cartridge was already worn. Clearly a manufacturing issue from Dolta. Returning to The Build Depot.,TRUE,2026-02-27 00:00:00.000,FALSE,2026-05-15 14:57:17.993 -0700
TBD_RV_000008,4008,101,57,3,Returned - defective out of the box,DOA. Would not connect properly. Threads were cross-cut. Waste of money. Going with a different brand next time I visit TBD.,TRUE,2026-02-16 00:00:00.000,FALSE,2026-05-15 14:57:17.993 -0700
TBD_RV_000009,4009,101,64,1,Started leaking after a week,Installed this Dolta faucet and within days it started dripping. Very disappointed. Had to call a plumber to remove it. Will not buy Dolta again from TBD.,TRUE,2026-02-05 00:00:00.000,FALSE,2026-05-15 14:57:17.993 -0700
TBD_RV_000010,4010,101,71,2,Poor quality control from Dolta,The finish was scratched out of the box and the valve cartridge was already worn. Clearly a manufacturing issue from Dolta. Returning to The Build Depot.,TRUE,2026-01-25 00:00:00.000,FALSE,2026-05-15 14:57:17.993 -0700
TBD_RV_000011,4011,101,78,3,Returned - defective out of the box,DOA. Would not connect properly. Threads were cross-cut. Waste of money. Going with a different brand next time I visit TBD.,TRUE,2026-01-14 00:00:00.000,FALSE,2026-05-15 14:57:17.993 -0700
TBD_RV_000012,4012,101,85,1,Started leaking after a week,Installed this Dolta faucet and within days it started dripping. Very disappointed. Had to call a plumber to remove it. Will not buy Dolta again from TBD.,TRUE,2026-01-03 00:00:00.000,FALSE,2026-05-15 14:57:17.993 -0700
TBD_RV_000013,4013,101,92,2,Poor quality control from Dolta,The finish was scratched out of the box and the valve cartridge was already worn. Clearly a manufacturing issue from Dolta. Returning to The Build Depot.,TRUE,2025-12-23 00:00:00.000,FALSE,2026-05-15 14:57:17.993 -0700
TBD_RV_000014,4014,101,99,3,Returned - defective out of the box,DOA. Would not connect properly. Threads were cross-cut. Waste of money. Going with a different brand next time I visit TBD.,TRUE,2025-12-12 00:00:00.000,FALSE,2026-05-15 14:57:17.993 -0700
TBD_RV_000015,4015,101,106,1,Started leaking after a week,Installed this Dolta faucet and within days it started dripping. Very disappointed. Had to call a plumber to remove it. Will not buy Dolta again from TBD.,TRUE,2025-12-01 00:00:00.000,FALSE,2026-05-15 14:57:17.993 -0700
TBD_RV_000016,4016,101,113,2,Poor quality control from Dolta,The finish was scratched out of the box and the valve cartridge was already worn. Clearly a manufacturing issue from Dolta. Returning to The Build Depot.,TRUE,2025-11-20 00:00:00.000,FALSE,2026-05-15 14:57:17.993 -0700
TBD_RV_000017,4017,101,120,3,Returned - defective out of the box,DOA. Would not connect properly. Threads were cross-cut. Waste of money. Going with a different brand next time I visit TBD.,TRUE,2025-11-09 00:00:00.000,FALSE,2026-05-15 14:57:17.993 -0700
TBD_RV_000018,4018,101,127,1,Started leaking after a week,Installed this Dolta faucet and within days it started dripping. Very disappointed. Had to call a plumber to remove it. Will not buy Dolta again from TBD.,TRUE,2025-10-29 00:00:00.000,FALSE,2026-05-15 14:57:17.993 -0700
TBD_RV_000019,4019,101,134,2,Poor quality control from Dolta,The finish was scratched out of the box and the valve cartridge was already worn. Clearly a manufacturing issue from Dolta. Returning to The Build Depot.,TRUE,2025-10-18 00:00:00.000,FALSE,2026-05-15 14:57:17.993 -0700
TBD_RV_000020,4020,102,141,3,Returned - defective out of the box,DOA. Would not connect properly. Threads were cross-cut. Waste of money. Going with a different brand next time I visit TBD.,TRUE,2025-10-07 00:00:00.000,FALSE,2026-05-15 14:57:17.993 -0700
TBD_RV_000021,4021,102,148,1,Started leaking after a week,Installed this Dolta faucet and within days it started dripping. Very disappointed. Had to call a plumber to remove it. Will not buy Dolta again from TBD.,TRUE,2025-09-26 00:00:00.000,FALSE,2026-05-15 14:57:17.993 -0700
TBD_RV_000022,4022,102,155,2,Poor quality control from Dolta,The finish was scratched out of the box and the valve cartridge was already worn. Clearly a manufacturing issue from Dolta. Returning to The Build Depot.,TRUE,2025-09-15 00:00:00.000,FALSE,2026-05-15 14:57:17.993 -0700
TBD_RV_000023,4023,102,162,3,Returned - defective out of the box,DOA. Would not connect properly. Threads were cross-cut. Waste of money. Going with a different brand next time I visit TBD.,TRUE,2025-09-04 00:00:00.000,FALSE,2026-05-15 14:57:17.993 -0700
TBD_RV_000024,4024,102,169,1,Started leaking after a week,Installed this Dolta faucet and within days it started dripping. Very disappointed. Had to call a plumber to remove it. Will not buy Dolta again from TBD.,TRUE,2025-08-24 00:00:00.000,FALSE,2026-05-15 14:57:17.993 -0700
TBD_RV_000025,4025,102,176,2,Poor quality control from Dolta,The finish was scratched out of the box and the valve cartridge was already worn. Clearly a manufacturing issue from Dolta. Returning to The Build Depot.,TRUE,2025-08-13 00:00:00.000,FALSE,2026-05-15 14:57:17.993 -0700
TBD_RV_000026,4026,102,183,3,Returned - defective out of the box,DOA. Would not connect properly. Threads were cross-cut. Waste of money. Going with a different brand next time I visit TBD.,TRUE,2025-08-02 00:00:00.000,FALSE,2026-05-15 14:57:17.993 -0700
TBD_RV_000027,4027,102,190,1,Started leaking after a week,Installed this Dolta faucet and within days it started dripping. Very disappointed. Had to call a plumber to remove it. Will not buy Dolta again from TBD.,TRUE,2025-07-22 00:00:00.000,FALSE,2026-05-15 14:57:17.993 -0700
TBD_RV_000028,4028,102,197,2,Poor quality control from Dolta,The finish was scratched out of the box and the valve cartridge was already worn. Clearly a manufacturing issue from Dolta. Returning to The Build Depot.,TRUE,2025-07-11 00:00:00.000,FALSE,2026-05-15 14:57:17.993 -0700
TBD_RV_000029,4029,102,4,3,Returned - defective out of the box,DOA. Would not connect properly. Threads were cross-cut. Waste of money. Going with a different brand next time I visit TBD.,TRUE,2025-06-30 00:00:00.000,FALSE,2026-05-15 14:57:17.993 -0700
TBD_RV_000030,4030,102,11,1,Started leaking after a week,Installed this Dolta faucet and within days it started dripping. Very disappointed. Had to call a plumber to remove it. Will not buy Dolta again from TBD.,TRUE,2025-06-19 00:00:00.000,FALSE,2026-05-15 14:57:17.993 -0700
TBD_RV_000031,4031,102,18,2,Poor quality control from Dolta,The finish was scratched out of the box and the valve cartridge was already worn. Clearly a manufacturing issue from Dolta. Returning to The Build Depot.,TRUE,2025-06-08 00:00:00.000,FALSE,2026-05-15 14:57:17.993 -0700
TBD_RV_000032,4032,102,25,3,Returned - defective out of the box,DOA. Would not connect properly. Threads were cross-cut. Waste of money. Going with a different brand next time I visit TBD.,TRUE,2025-05-28 00:00:00.000,FALSE,2026-05-15 14:57:17.993 -0700
TBD_RV_000033,4033,102,32,1,Started leaking after a week,Installed this Dolta faucet and within days it started dripping. Very disappointed. Had to call a plumber to remove it. Will not buy Dolta again from TBD.,TRUE,2025-05-17 00:00:00.000,FALSE,2026-05-15 14:57:17.993 -0700
TBD_RV_000034,4034,102,39,2,Poor quality control from Dolta,The finish was scratched out of the box and the valve cartridge was already worn. Clearly a manufacturing issue from Dolta. Returning to The Build Depot.,TRUE,2026-05-06 00:00:00.000,FALSE,2026-05-15 14:57:17.993 -0700
TBD_RV_000035,4035,102,46,3,Returned - defective out of the box,DOA. Would not connect properly. Threads were cross-cut. Waste of money. Going with a different brand next time I visit TBD.,TRUE,2026-04-25 00:00:00.000,FALSE,2026-05-15 14:57:17.993 -0700
TBD_RV_000036,4036,102,53,1,Started leaking after a week,Installed this Dolta faucet and within days it started dripping. Very disappointed. Had to call a plumber to remove it. Will not buy Dolta again from TBD.,TRUE,2026-04-14 00:00:00.000,FALSE,2026-05-15 14:57:17.993 -0700
TBD_RV_000037,4037,102,60,2,Poor quality control from Dolta,The finish was scratched out of the box and the valve cartridge was already worn. Clearly a manufacturing issue from Dolta. Returning to The Build Depot.,TRUE,2026-04-03 00:00:00.000,FALSE,2026-05-15 14:57:17.993 -0700
TBD_RV_000038,4038,102,67,3,Returned - defective out of the box,DOA. Would not connect properly. Threads were cross-cut. Waste of money. Going with a different brand next time I visit TBD.,TRUE,2026-03-23 00:00:00.000,FALSE,2026-05-15 14:57:17.993 -0700
TBD_RV_000039,4039,102,74,1,Started leaking after a week,Installed this Dolta faucet and within days it started dripping. Very disappointed. Had to call a plumber to remove it. Will not buy Dolta again from TBD.,TRUE,2026-03-12 00:00:00.000,FALSE,2026-05-15 14:57:17.993 -0700
TBD_RV_000040,4040,103,81,2,Poor quality control from Dolta,The finish was scratched out of the box and the valve cartridge was already worn. Clearly a manufacturing issue from Dolta. Returning to The Build Depot.,TRUE,2026-03-01 00:00:00.000,FALSE,2026-05-15 14:57:17.993 -0700
TBD_RV_000041,4041,103,88,3,Returned - defective out of the box,DOA. Would not connect properly. Threads were cross-cut. Waste of money. Going with a different brand next time I visit TBD.,TRUE,2026-02-18 00:00:00.000,FALSE,2026-05-15 14:57:17.993 -0700
TBD_RV_000042,4042,103,95,1,Started leaking after a week,Installed this Dolta faucet and within days it started dripping. Very disappointed. Had to call a plumber to remove it. Will not buy Dolta again from TBD.,TRUE,2026-02-07 00:00:00.000,FALSE,2026-05-15 14:57:17.993 -0700
TBD_RV_000043,4043,103,102,2,Poor quality control from Dolta,The finish was scratched out of the box and the valve cartridge was already worn. Clearly a manufacturing issue from Dolta. Returning to The Build Depot.,TRUE,2026-01-27 00:00:00.000,FALSE,2026-05-15 14:57:17.993 -0700
TBD_RV_000044,4044,103,109,3,Returned - defective out of the box,DOA. Would not connect properly. Threads were cross-cut. Waste of money. Going with a different brand next time I visit TBD.,TRUE,2026-01-16 00:00:00.000,FALSE,2026-05-15 14:57:17.993 -0700
TBD_RV_000045,4045,103,116,1,Started leaking after a week,Installed this Dolta faucet and within days it started dripping. Very disappointed. Had to call a plumber to remove it. Will not buy Dolta again from TBD.,TRUE,2026-01-05 00:00:00.000,FALSE,2026-05-15 14:57:17.993 -0700
TBD_RV_000046,4046,103,123,2,Poor quality control from Dolta,The finish was scratched out of the box and the valve cartridge was already worn. Clearly a manufacturing issue from Dolta. Returning to The Build Depot.,TRUE,2025-12-25 00:00:00.000,FALSE,2026-05-15 14:57:17.993 -0700
TBD_RV_000047,4047,103,130,3,Returned - defective out of the box,DOA. Would not connect properly. Threads were cross-cut. Waste of money. Going with a different brand next time I visit TBD.,TRUE,2025-12-14 00:00:00.000,FALSE,2026-05-15 14:57:17.993 -0700
TBD_RV_000048,4048,103,137,1,Started leaking after a week,Installed this Dolta faucet and within days it started dripping. Very disappointed. Had to call a plumber to remove it. Will not buy Dolta again from TBD.,TRUE,2025-12-03 00:00:00.000,FALSE,2026-05-15 14:57:17.993 -0700
TBD_RV_000049,4049,103,144,2,Poor quality control from Dolta,The finish was scratched out of the box and the valve cartridge was already worn. Clearly a manufacturing issue from Dolta. Returning to The Build Depot.,TRUE,2025-11-22 00:00:00.000,FALSE,2026-05-15 14:57:17.993 -0700
TBD_RV_000050,4050,103,151,3,Returned - defective out of the box,DOA. Would not connect properly. Threads were cross-cut. Waste of money. Going with a different brand next time I visit TBD.,TRUE,2025-11-11 00:00:00.000,FALSE,2026-05-15 14:57:17.993 -0700
TBD_RV_000051,4051,103,158,1,Started leaking after a week,Installed this Dolta faucet and within days it started dripping. Very disappointed. Had to call a plumber to remove it. Will not buy Dolta again from TBD.,TRUE,2025-10-31 00:00:00.000,FALSE,2026-05-15 14:57:17.993 -0700
TBD_RV_000052,4052,103,165,2,Poor quality control from Dolta,The finish was scratched out of the box and the valve cartridge was already worn. Clearly a manufacturing issue from Dolta. Returning to The Build Depot.,TRUE,2025-10-20 00:00:00.000,FALSE,2026-05-15 14:57:17.993 -0700
TBD_RV_000053,4053,103,172,3,Returned - defective out of the box,DOA. Would not connect properly. Threads were cross-cut. Waste of money. Going with a different brand next time I visit TBD.,TRUE,2025-10-09 00:00:00.000,FALSE,2026-05-15 14:57:17.993 -0700
TBD_RV_000054,4054,103,179,1,Started leaking after a week,Installed this Dolta faucet and within days it started dripping. Very disappointed. Had to call a plumber to remove it. Will not buy Dolta again from TBD.,TRUE,2025-09-28 00:00:00.000,FALSE,2026-05-15 14:57:17.993 -0700
TBD_RV_000055,4055,104,186,3,Decent Levitan product for the price,Easy install and works as advertised. The LED indicator is a nice touch. Solid mid-range Levitan option from TBD.,TRUE,2025-09-17 00:00:00.000,FALSE,2026-05-15 14:57:17.993 -0700
TBD_RV_000056,4056,104,193,4,Works fine but feels cheap,The Levitan dimmer works but the plastic feels flimsy. WiFi connection drops occasionally. Not terrible but not great either.,TRUE,2025-09-06 00:00:00.000,FALSE,2026-05-15 14:57:17.993 -0700
TBD_RV_000057,4057,104,200,2,Decent Levitan product for the price,Easy install and works as advertised. The LED indicator is a nice touch. Solid mid-range Levitan option from TBD.,TRUE,2025-08-26 00:00:00.000,FALSE,2026-05-15 14:57:17.993 -0700
TBD_RV_000058,4058,104,7,3,Works fine but feels cheap,The Levitan dimmer works but the plastic feels flimsy. WiFi connection drops occasionally. Not terrible but not great either.,TRUE,2025-08-15 00:00:00.000,FALSE,2026-05-15 14:57:17.993 -0700
TBD_RV_000059,4059,104,14,4,Decent Levitan product for the price,Easy install and works as advertised. The LED indicator is a nice touch. Solid mid-range Levitan option from TBD.,TRUE,2025-08-04 00:00:00.000,FALSE,2026-05-15 14:57:17.993 -0700
TBD_RV_000060,4060,104,21,2,Works fine but feels cheap,The Levitan dimmer works but the plastic feels flimsy. WiFi connection drops occasionally. Not terrible but not great either.,TRUE,2025-07-24 00:00:00.000,FALSE,2026-05-15 14:57:17.993 -0700
TBD_RV_000061,4061,104,28,3,Decent Levitan product for the price,Easy install and works as advertised. The LED indicator is a nice touch. Solid mid-range Levitan option from TBD.,TRUE,2025-07-13 00:00:00.000,FALSE,2026-05-15 14:57:17.993 -0700
TBD_RV_000062,4062,104,35,4,Works fine but feels cheap,The Levitan dimmer works but the plastic feels flimsy. WiFi connection drops occasionally. Not terrible but not great either.,TRUE,2025-07-02 00:00:00.000,FALSE,2026-05-15 14:57:17.993 -0700
TBD_RV_000063,4063,104,42,2,Decent Levitan product for the price,Easy install and works as advertised. The LED indicator is a nice touch. Solid mid-range Levitan option from TBD.,TRUE,2025-06-21 00:00:00.000,FALSE,2026-05-15 14:57:17.993 -0700
TBD_RV_000064,4064,104,49,3,Works fine but feels cheap,The Levitan dimmer works but the plastic feels flimsy. WiFi connection drops occasionally. Not terrible but not great either.,TRUE,2025-06-10 00:00:00.000,FALSE,2026-05-15 14:57:17.993 -0700
TBD_RV_000065,4065,104,56,4,Decent Levitan product for the price,Easy install and works as advertised. The LED indicator is a nice touch. Solid mid-range Levitan option from TBD.,TRUE,2025-05-30 00:00:00.000,FALSE,2026-05-15 14:57:17.993 -0700
TBD_RV_000066,4066,104,63,2,Works fine but feels cheap,The Levitan dimmer works but the plastic feels flimsy. WiFi connection drops occasionally. Not terrible but not great either.,TRUE,2025-05-19 00:00:00.000,FALSE,2026-05-15 14:57:17.993 -0700
TBD_RV_000067,4067,104,70,3,Decent Levitan product for the price,Easy install and works as advertised. The LED indicator is a nice touch. Solid mid-range Levitan option from TBD.,TRUE,2026-05-08 00:00:00.000,FALSE,2026-05-15 14:57:17.993 -0700
TBD_RV_000068,4068,104,77,4,Works fine but feels cheap,The Levitan dimmer works but the plastic feels flimsy. WiFi connection drops occasionally. Not terrible but not great either.,TRUE,2026-04-27 00:00:00.000,FALSE,2026-05-15 14:57:17.993 -0700
TBD_RV_000069,4069,104,84,2,Decent Levitan product for the price,Easy install and works as advertised. The LED indicator is a nice touch. Solid mid-range Levitan option from TBD.,TRUE,2026-04-16 00:00:00.000,FALSE,2026-05-15 14:57:17.993 -0700
TBD_RV_000070,4070,105,91,3,Works fine but feels cheap,The Levitan dimmer works but the plastic feels flimsy. WiFi connection drops occasionally. Not terrible but not great either.,TRUE,2026-04-05 00:00:00.000,FALSE,2026-05-15 14:57:17.993 -0700
TBD_RV_000071,4071,105,98,4,Decent Levitan product for the price,Easy install and works as advertised. The LED indicator is a nice touch. Solid mid-range Levitan option from TBD.,TRUE,2026-03-25 00:00:00.000,FALSE,2026-05-15 14:57:17.993 -0700
TBD_RV_000072,4072,105,105,2,Works fine but feels cheap,The Levitan dimmer works but the plastic feels flimsy. WiFi connection drops occasionally. Not terrible but not great either.,TRUE,2026-03-14 00:00:00.000,FALSE,2026-05-15 14:57:17.993 -0700
TBD_RV_000073,4073,105,112,3,Decent Levitan product for the price,Easy install and works as advertised. The LED indicator is a nice touch. Solid mid-range Levitan option from TBD.,TRUE,2026-03-03 00:00:00.000,FALSE,2026-05-15 14:57:17.993 -0700
TBD_RV_000074,4074,105,119,4,Works fine but feels cheap,The Levitan dimmer works but the plastic feels flimsy. WiFi connection drops occasionally. Not terrible but not great either.,TRUE,2026-02-20 00:00:00.000,FALSE,2026-05-15 14:57:17.993 -0700
TBD_RV_000075,4075,105,126,2,Decent Levitan product for the price,Easy install and works as advertised. The LED indicator is a nice touch. Solid mid-range Levitan option from TBD.,TRUE,2026-02-09 00:00:00.000,FALSE,2026-05-15 14:57:17.993 -0700
TBD_RV_000076,4076,105,133,3,Works fine but feels cheap,The Levitan dimmer works but the plastic feels flimsy. WiFi connection drops occasionally. Not terrible but not great either.,TRUE,2026-01-29 00:00:00.000,FALSE,2026-05-15 14:57:17.993 -0700
TBD_RV_000077,4077,105,140,4,Decent Levitan product for the price,Easy install and works as advertised. The LED indicator is a nice touch. Solid mid-range Levitan option from TBD.,TRUE,2026-01-18 00:00:00.000,FALSE,2026-05-15 14:57:17.993 -0700
TBD_RV_000078,4078,105,147,2,Works fine but feels cheap,The Levitan dimmer works but the plastic feels flimsy. WiFi connection drops occasionally. Not terrible but not great either.,TRUE,2026-01-07 00:00:00.000,FALSE,2026-05-15 14:57:17.993 -0700
TBD_RV_000079,4079,105,154,3,Decent Levitan product for the price,Easy install and works as advertised. The LED indicator is a nice touch. Solid mid-range Levitan option from TBD.,TRUE,2025-12-27 00:00:00.000,FALSE,2026-05-15 14:57:17.993 -0700
TBD_RV_000080,4080,105,161,4,Works fine but feels cheap,The Levitan dimmer works but the plastic feels flimsy. WiFi connection drops occasionally. Not terrible but not great either.,TRUE,2025-12-16 00:00:00.000,FALSE,2026-05-15 14:57:17.993 -0700
TBD_RV_000081,4081,105,168,2,Decent Levitan product for the price,Easy install and works as advertised. The LED indicator is a nice touch. Solid mid-range Levitan option from TBD.,TRUE,2025-12-05 00:00:00.000,FALSE,2026-05-15 14:57:17.993 -0700
TBD_RV_000082,4082,105,175,3,Works fine but feels cheap,The Levitan dimmer works but the plastic feels flimsy. WiFi connection drops occasionally. Not terrible but not great either.,TRUE,2025-11-24 00:00:00.000,FALSE,2026-05-15 14:57:17.993 -0700
TBD_RV_000083,4083,105,182,4,Decent Levitan product for the price,Easy install and works as advertised. The LED indicator is a nice touch. Solid mid-range Levitan option from TBD.,TRUE,2025-11-13 00:00:00.000,FALSE,2026-05-15 14:57:17.993 -0700
TBD_RV_000084,4084,105,189,2,Works fine but feels cheap,The Levitan dimmer works but the plastic feels flimsy. WiFi connection drops occasionally. Not terrible but not great either.,TRUE,2025-11-02 00:00:00.000,FALSE,2026-05-15 14:57:17.993 -0700
TBD_RV_000085,4085,106,196,5,"Great value, would buy again from TBD",Compared to the big brands this is just as good at a fraction of the price. Highly recommend for weekend warriors shopping at TBD.,TRUE,2025-10-22 00:00:00.000,FALSE,2026-05-15 14:57:17.993 -0700
TBD_RV_000086,4086,106,3,4,"Excellent quality, very reliable",Been using this for 6 months now with zero issues. Battery life is impressive and the build quality is top-notch. TBD recommended.,TRUE,2025-10-11 00:00:00.000,FALSE,2026-05-15 14:57:17.993 -0700
TBD_RV_000087,4087,106,10,5,"Great value, would buy again from TBD",Compared to the big brands this is just as good at a fraction of the price. Highly recommend for weekend warriors shopping at TBD.,TRUE,2025-09-30 00:00:00.000,FALSE,2026-05-15 14:57:17.993 -0700
TBD_RV_000088,4088,106,17,4,"Excellent quality, very reliable",Been using this for 6 months now with zero issues. Battery life is impressive and the build quality is top-notch. TBD recommended.,TRUE,2025-09-19 00:00:00.000,FALSE,2026-05-15 14:57:17.993 -0700
TBD_RV_000089,4089,106,24,5,"Great value, would buy again from TBD",Compared to the big brands this is just as good at a fraction of the price. Highly recommend for weekend warriors shopping at TBD.,TRUE,2025-09-08 00:00:00.000,FALSE,2026-05-15 14:57:17.993 -0700
TBD_RV_000090,4090,106,31,4,"Excellent quality, very reliable",Been using this for 6 months now with zero issues. Battery life is impressive and the build quality is top-notch. TBD recommended.,TRUE,2025-08-28 00:00:00.000,FALSE,2026-05-15 14:57:17.993 -0700
TBD_RV_000091,4091,106,38,5,"Great value, would buy again from TBD",Compared to the big brands this is just as good at a fraction of the price. Highly recommend for weekend warriors shopping at TBD.,TRUE,2025-08-17 00:00:00.000,FALSE,2026-05-15 14:57:17.993 -0700
TBD_RV_000092,4092,106,45,4,"Excellent quality, very reliable",Been using this for 6 months now with zero issues. Battery life is impressive and the build quality is top-notch. TBD recommended.,TRUE,2025-08-06 00:00:00.000,FALSE,2026-05-15 14:57:17.993 -0700
TBD_RV_000093,4093,106,52,5,"Great value, would buy again from TBD",Compared to the big brands this is just as good at a fraction of the price. Highly recommend for weekend warriors shopping at TBD.,TRUE,2025-07-26 00:00:00.000,FALSE,2026-05-15 14:57:17.993 -0700
TBD_RV_000094,4094,106,59,4,"Excellent quality, very reliable",Been using this for 6 months now with zero issues. Battery life is impressive and the build quality is top-notch. TBD recommended.,TRUE,2025-07-15 00:00:00.000,FALSE,2026-05-15 14:57:17.993 -0700
TBD_RV_000095,4095,106,66,5,"Great value, would buy again from TBD",Compared to the big brands this is just as good at a fraction of the price. Highly recommend for weekend warriors shopping at TBD.,TRUE,2025-07-04 00:00:00.000,FALSE,2026-05-15 14:57:17.993 -0700
TBD_RV_000096,4096,106,73,4,"Excellent quality, very reliable",Been using this for 6 months now with zero issues. Battery life is impressive and the build quality is top-notch. TBD recommended.,TRUE,2025-06-23 00:00:00.000,FALSE,2026-05-15 14:57:17.993 -0700
TBD_RV_000097,4097,106,80,5,"Great value, would buy again from TBD",Compared to the big brands this is just as good at a fraction of the price. Highly recommend for weekend warriors shopping at TBD.,TRUE,2025-06-12 00:00:00.000,FALSE,2026-05-15 14:57:17.993 -0700
TBD_RV_000098,4098,106,87,4,"Excellent quality, very reliable",Been using this for 6 months now with zero issues. Battery life is impressive and the build quality is top-notch. TBD recommended.,TRUE,2025-06-01 00:00:00.000,FALSE,2026-05-15 14:57:17.993 -0700
TBD_RV_000099,4099,106,94,5,"Great value, would buy again from TBD",Compared to the big brands this is just as good at a fraction of the price. Highly recommend for weekend warriors shopping at TBD.,TRUE,2025-05-21 00:00:00.000,FALSE,2026-05-15 14:57:17.993 -0700
TBD_RV_000100,4100,107,101,4,"Excellent quality, very reliable",Been using this for 6 months now with zero issues. Battery life is impressive and the build quality is top-notch. TBD recommended.,TRUE,2026-05-10 00:00:00.000,FALSE,2026-05-15 14:57:17.993 -0700
TBD_RV_000101,4101,107,108,5,"Great value, would buy again from TBD",Compared to the big brands this is just as good at a fraction of the price. Highly recommend for weekend warriors shopping at TBD.,TRUE,2026-04-29 00:00:00.000,FALSE,2026-05-15 14:57:17.993 -0700
TBD_RV_000102,4102,107,115,4,"Excellent quality, very reliable",Been using this for 6 months now with zero issues. Battery life is impressive and the build quality is top-notch. TBD recommended.,TRUE,2026-04-18 00:00:00.000,FALSE,2026-05-15 14:57:17.993 -0700
TBD_RV_000103,4103,107,122,5,"Great value, would buy again from TBD",Compared to the big brands this is just as good at a fraction of the price. Highly recommend for weekend warriors shopping at TBD.,TRUE,2026-04-07 00:00:00.000,FALSE,2026-05-15 14:57:17.993 -0700
TBD_RV_000104,4104,107,129,4,"Excellent quality, very reliable",Been using this for 6 months now with zero issues. Battery life is impressive and the build quality is top-notch. TBD recommended.,TRUE,2026-03-27 00:00:00.000,FALSE,2026-05-15 14:57:17.993 -0700
TBD_RV_000105,4105,107,136,5,"Great value, would buy again from TBD",Compared to the big brands this is just as good at a fraction of the price. Highly recommend for weekend warriors shopping at TBD.,TRUE,2026-03-16 00:00:00.000,FALSE,2026-05-15 14:57:17.993 -0700
TBD_RV_000106,4106,107,143,4,"Excellent quality, very reliable",Been using this for 6 months now with zero issues. Battery life is impressive and the build quality is top-notch. TBD recommended.,TRUE,2026-03-05 00:00:00.000,FALSE,2026-05-15 14:57:17.993 -0700
TBD_RV_000107,4107,107,150,5,"Great value, would buy again from TBD",Compared to the big brands this is just as good at a fraction of the price. Highly recommend for weekend warriors shopping at TBD.,TRUE,2026-02-22 00:00:00.000,FALSE,2026-05-15 14:57:17.993 -0700
TBD_RV_000108,4108,107,157,4,"Excellent quality, very reliable",Been using this for 6 months now with zero issues. Battery life is impressive and the build quality is top-notch. TBD recommended.,TRUE,2026-02-11 00:00:00.000,FALSE,2026-05-15 14:57:17.993 -0700
TBD_RV_000109,4109,107,164,5,"Great value, would buy again from TBD",Compared to the big brands this is just as good at a fraction of the price. Highly recommend for weekend warriors shopping at TBD.,TRUE,2026-01-31 00:00:00.000,FALSE,2026-05-15 14:57:17.993 -0700
TBD_RV_000110,4110,107,171,4,"Excellent quality, very reliable",Been using this for 6 months now with zero issues. Battery life is impressive and the build quality is top-notch. TBD recommended.,TRUE,2026-01-20 00:00:00.000,FALSE,2026-05-15 14:57:17.993 -0700
TBD_RV_000111,4111,107,178,5,"Great value, would buy again from TBD",Compared to the big brands this is just as good at a fraction of the price. Highly recommend for weekend warriors shopping at TBD.,TRUE,2026-01-09 00:00:00.000,FALSE,2026-05-15 14:57:17.993 -0700
TBD_RV_000112,4112,107,185,4,"Excellent quality, very reliable",Been using this for 6 months now with zero issues. Battery life is impressive and the build quality is top-notch. TBD recommended.,TRUE,2025-12-29 00:00:00.000,FALSE,2026-05-15 14:57:17.993 -0700
TBD_RV_000113,4113,107,192,5,"Great value, would buy again from TBD",Compared to the big brands this is just as good at a fraction of the price. Highly recommend for weekend warriors shopping at TBD.,TRUE,2025-12-18 00:00:00.000,FALSE,2026-05-15 14:57:17.993 -0700
TBD_RV_000114,4114,107,199,4,"Excellent quality, very reliable",Been using this for 6 months now with zero issues. Battery life is impressive and the build quality is top-notch. TBD recommended.,TRUE,2025-12-07 00:00:00.000,FALSE,2026-05-15 14:57:17.993 -0700
TBD_RV_000115,4115,108,6,5,"Great value, would buy again from TBD",Compared to the big brands this is just as good at a fraction of the price. Highly recommend for weekend warriors shopping at TBD.,TRUE,2025-11-26 00:00:00.000,FALSE,2026-05-15 14:57:17.993 -0700
TBD_RV_000116,4116,108,13,4,"Excellent quality, very reliable",Been using this for 6 months now with zero issues. Battery life is impressive and the build quality is top-notch. TBD recommended.,TRUE,2025-11-15 00:00:00.000,FALSE,2026-05-15 14:57:17.993 -0700
TBD_RV_000117,4117,108,20,5,"Great value, would buy again from TBD",Compared to the big brands this is just as good at a fraction of the price. Highly recommend for weekend warriors shopping at TBD.,TRUE,2025-11-04 00:00:00.000,FALSE,2026-05-15 14:57:17.993 -0700
TBD_RV_000118,4118,108,27,4,"Excellent quality, very reliable",Been using this for 6 months now with zero issues. Battery life is impressive and the build quality is top-notch. TBD recommended.,TRUE,2025-10-24 00:00:00.000,FALSE,2026-05-15 14:57:17.993 -0700
TBD_RV_000119,4119,108,34,5,"Great value, would buy again from TBD",Compared to the big brands this is just as good at a fraction of the price. Highly recommend for weekend warriors shopping at TBD.,TRUE,2025-10-13 00:00:00.000,FALSE,2026-05-15 14:57:17.993 -0700
TBD_RV_000120,4120,108,41,4,"Excellent quality, very reliable",Been using this for 6 months now with zero issues. Battery life is impressive and the build quality is top-notch. TBD recommended.,TRUE,2025-10-02 00:00:00.000,FALSE,2026-05-15 14:57:17.993 -0700
TBD_RV_000121,4121,108,48,5,"Great value, would buy again from TBD",Compared to the big brands this is just as good at a fraction of the price. Highly recommend for weekend warriors shopping at TBD.,TRUE,2025-09-21 00:00:00.000,FALSE,2026-05-15 14:57:17.993 -0700
TBD_RV_000122,4122,108,55,4,"Excellent quality, very reliable",Been using this for 6 months now with zero issues. Battery life is impressive and the build quality is top-notch. TBD recommended.,TRUE,2025-09-10 00:00:00.000,FALSE,2026-05-15 14:57:17.993 -0700
TBD_RV_000123,4123,108,62,5,"Great value, would buy again from TBD",Compared to the big brands this is just as good at a fraction of the price. Highly recommend for weekend warriors shopping at TBD.,TRUE,2025-08-30 00:00:00.000,FALSE,2026-05-15 14:57:17.993 -0700
TBD_RV_000124,4124,108,69,4,"Excellent quality, very reliable",Been using this for 6 months now with zero issues. Battery life is impressive and the build quality is top-notch. TBD recommended.,TRUE,2025-08-19 00:00:00.000,FALSE,2026-05-15 14:57:17.993 -0700
TBD_RV_000125,4125,108,76,5,"Great value, would buy again from TBD",Compared to the big brands this is just as good at a fraction of the price. Highly recommend for weekend warriors shopping at TBD.,TRUE,2025-08-08 00:00:00.000,FALSE,2026-05-15 14:57:17.993 -0700
TBD_RV_000126,4126,108,83,4,"Excellent quality, very reliable",Been using this for 6 months now with zero issues. Battery life is impressive and the build quality is top-notch. TBD recommended.,TRUE,2025-07-28 00:00:00.000,FALSE,2026-05-15 14:57:17.993 -0700
TBD_RV_000127,4127,108,90,5,"Great value, would buy again from TBD",Compared to the big brands this is just as good at a fraction of the price. Highly recommend for weekend warriors shopping at TBD.,TRUE,2025-07-17 00:00:00.000,FALSE,2026-05-15 14:57:17.993 -0700
TBD_RV_000128,4128,108,97,4,"Excellent quality, very reliable",Been using this for 6 months now with zero issues. Battery life is impressive and the build quality is top-notch. TBD recommended.,TRUE,2025-07-06 00:00:00.000,FALSE,2026-05-15 14:57:17.993 -0700
TBD_RV_000129,4129,108,104,5,"Great value, would buy again from TBD",Compared to the big brands this is just as good at a fraction of the price. Highly recommend for weekend warriors shopping at TBD.,TRUE,2025-06-25 00:00:00.000,FALSE,2026-05-15 14:57:17.993 -0700
TBD_RV_000130,4130,10,111,4,Solid DeWalter drill for DIY projects,The DeWalter 20V drill has solid torque for its class. Great for hanging shelves and assembling furniture. Battery lasts a full day of light use. Got it at TBD Edison.,TRUE,2025-06-14 00:00:00.000,FALSE,2026-05-15 14:57:17.993 -0700
TBD_RV_000131,4131,10,118,5,Solid DeWalter drill for DIY projects,The DeWalter 20V drill has solid torque for its class. Great for hanging shelves and assembling furniture. Battery lasts a full day of light use. Got it at TBD Edison.,TRUE,2025-06-03 00:00:00.000,FALSE,2026-05-15 14:57:17.993 -0700
TBD_RV_000132,4132,10,125,3,Solid DeWalter drill for DIY projects,The DeWalter 20V drill has solid torque for its class. Great for hanging shelves and assembling furniture. Battery lasts a full day of light use. Got it at TBD Edison.,TRUE,2025-05-23 00:00:00.000,FALSE,2026-05-15 14:57:17.993 -0700
TBD_RV_000133,4133,10,132,4,Solid DeWalter drill for DIY projects,The DeWalter 20V drill has solid torque for its class. Great for hanging shelves and assembling furniture. Battery lasts a full day of light use. Got it at TBD Edison.,TRUE,2026-05-12 00:00:00.000,FALSE,2026-05-15 14:57:17.993 -0700
TBD_RV_000134,4134,10,139,5,Solid DeWalter drill for DIY projects,The DeWalter 20V drill has solid torque for its class. Great for hanging shelves and assembling furniture. Battery lasts a full day of light use. Got it at TBD Edison.,TRUE,2026-05-01 00:00:00.000,FALSE,2026-05-15 14:57:17.993 -0700
TBD_RV_000135,4135,10,146,3,Solid DeWalter drill for DIY projects,The DeWalter 20V drill has solid torque for its class. Great for hanging shelves and assembling furniture. Battery lasts a full day of light use. Got it at TBD Edison.,TRUE,2026-04-20 00:00:00.000,FALSE,2026-05-15 14:57:17.993 -0700
TBD_RV_000136,4136,10,153,4,Solid DeWalter drill for DIY projects,The DeWalter 20V drill has solid torque for its class. Great for hanging shelves and assembling furniture. Battery lasts a full day of light use. Got it at TBD Edison.,TRUE,2026-04-09 00:00:00.000,FALSE,2026-05-15 14:57:17.993 -0700
TBD_RV_000137,4137,10,160,5,Solid DeWalter drill for DIY projects,The DeWalter 20V drill has solid torque for its class. Great for hanging shelves and assembling furniture. Battery lasts a full day of light use. Got it at TBD Edison.,TRUE,2026-03-29 00:00:00.000,FALSE,2026-05-15 14:57:17.993 -0700
TBD_RV_000138,4138,10,167,3,Solid DeWalter drill for DIY projects,The DeWalter 20V drill has solid torque for its class. Great for hanging shelves and assembling furniture. Battery lasts a full day of light use. Got it at TBD Edison.,TRUE,2026-03-18 00:00:00.000,FALSE,2026-05-15 14:57:17.993 -0700
TBD_RV_000139,4139,10,174,4,Solid DeWalter drill for DIY projects,The DeWalter 20V drill has solid torque for its class. Great for hanging shelves and assembling furniture. Battery lasts a full day of light use. Got it at TBD Edison.,TRUE,2026-03-07 00:00:00.000,FALSE,2026-05-15 14:57:17.993 -0700
TBD_RV_000140,4140,42,181,5,Milwonky saw cuts straight and true,This Milwonky circular saw cuts through 2x4s like butter. Brushless motor is quiet and the blade guard works smoothly. Professional quality from The Build Depot.,TRUE,2026-02-24 00:00:00.000,FALSE,2026-05-15 14:57:17.993 -0700
TBD_RV_000141,4141,42,188,3,Milwonky saw cuts straight and true,This Milwonky circular saw cuts through 2x4s like butter. Brushless motor is quiet and the blade guard works smoothly. Professional quality from The Build Depot.,TRUE,2026-02-13 00:00:00.000,FALSE,2026-05-15 14:57:17.993 -0700
TBD_RV_000142,4142,42,195,4,Milwonky saw cuts straight and true,This Milwonky circular saw cuts through 2x4s like butter. Brushless motor is quiet and the blade guard works smoothly. Professional quality from The Build Depot.,TRUE,2026-02-02 00:00:00.000,FALSE,2026-05-15 14:57:17.993 -0700
TBD_RV_000143,4143,42,2,5,Milwonky saw cuts straight and true,This Milwonky circular saw cuts through 2x4s like butter. Brushless motor is quiet and the blade guard works smoothly. Professional quality from The Build Depot.,TRUE,2026-01-22 00:00:00.000,FALSE,2026-05-15 14:57:17.993 -0700
TBD_RV_000144,4144,42,9,3,Milwonky saw cuts straight and true,This Milwonky circular saw cuts through 2x4s like butter. Brushless motor is quiet and the blade guard works smoothly. Professional quality from The Build Depot.,TRUE,2026-01-11 00:00:00.000,FALSE,2026-05-15 14:57:17.993 -0700
TBD_RV_000145,4145,42,16,4,Milwonky saw cuts straight and true,This Milwonky circular saw cuts through 2x4s like butter. Brushless motor is quiet and the blade guard works smoothly. Professional quality from The Build Depot.,TRUE,2025-12-31 00:00:00.000,FALSE,2026-05-15 14:57:17.993 -0700
TBD_RV_000146,4146,42,23,5,Milwonky saw cuts straight and true,This Milwonky circular saw cuts through 2x4s like butter. Brushless motor is quiet and the blade guard works smoothly. Professional quality from The Build Depot.,TRUE,2025-12-20 00:00:00.000,FALSE,2026-05-15 14:57:17.993 -0700
TBD_RV_000147,4147,42,30,3,Milwonky saw cuts straight and true,This Milwonky circular saw cuts through 2x4s like butter. Brushless motor is quiet and the blade guard works smoothly. Professional quality from The Build Depot.,TRUE,2025-12-09 00:00:00.000,FALSE,2026-05-15 14:57:17.993 -0700
TBD_RV_000148,4148,42,37,4,Milwonky saw cuts straight and true,This Milwonky circular saw cuts through 2x4s like butter. Brushless motor is quiet and the blade guard works smoothly. Professional quality from The Build Depot.,TRUE,2025-11-28 00:00:00.000,FALSE,2026-05-15 14:57:17.993 -0700
TBD_RV_000149,4149,42,44,5,Milwonky saw cuts straight and true,This Milwonky circular saw cuts through 2x4s like butter. Brushless motor is quiet and the blade guard works smoothly. Professional quality from The Build Depot.,TRUE,2025-11-17 00:00:00.000,FALSE,2026-05-15 14:57:17.993 -0700
