CTID_FIVETRAN_ID,ID,FIRST_NAME,LAST_NAME,EMAIL,PHONE,ADDRESS,CITY,STATE,ZIP,REGION,CUSTOMER_TYPE,CREATED_AT,UPDATED_AT,_FIVETRAN_DELETED,_FIVETRAN_SYNCED
TBD_CU_000001,1,John,Smith,john.smith.1@example.com,555-0007,1 Hardware Way,Edison,NJ,08817,Northeast,residential,2025-05-29 00:00:00.000,2025-05-29 00:00:00.000,FALSE,2026-05-15 14:57:10.353 -0700
TBD_CU_000002,2,Jane,Johnson,jane.johnson.2@example.com,555-0014,2 Hardware Way,Atlanta,GA,30301,Southeast,residential,2025-05-26 00:00:00.000,2025-05-26 00:00:00.000,FALSE,2026-05-15 14:57:10.353 -0700
TBD_CU_000003,3,Alex,Williams,alex.williams.3@example.com,555-0021,3 Hardware Way,Indianapolis,IN,46201,Midwest,residential,2025-05-23 00:00:00.000,2025-05-23 00:00:00.000,FALSE,2026-05-15 14:57:10.353 -0700
TBD_CU_000004,4,Chris,Brown,chris.brown.4@example.com,555-0028,4 Hardware Way,Denver,CO,80201,West,residential,2025-05-20 00:00:00.000,2025-05-20 00:00:00.000,FALSE,2026-05-15 14:57:10.353 -0700
TBD_CU_000005,5,Pat,Jones,pat.jones.5@example.com,555-0035,5 Hardware Way,Dallas,TX,75201,South,residential,2025-05-17 00:00:00.000,2025-05-17 00:00:00.000,FALSE,2026-05-15 14:57:10.353 -0700
TBD_CU_000006,6,Sam,Garcia,sam.garcia.6@example.com,555-0042,6 Hardware Way,San Jose,CA,95101,West,contractor,2025-05-14 00:00:00.000,2025-05-14 00:00:00.000,FALSE,2026-05-15 14:57:10.353 -0700
TBD_CU_000007,7,Morgan,Miller,morgan.miller.7@example.com,555-0049,7 Hardware Way,Chicago,IL,60601,Midwest,contractor,2025-05-11 00:00:00.000,2025-05-11 00:00:00.000,FALSE,2026-05-15 14:57:10.353 -0700
TBD_CU_000008,8,Taylor,Davis,taylor.davis.8@example.com,555-0056,8 Hardware Way,Orlando,FL,32801,Southeast,contractor,2025-05-08 00:00:00.000,2025-05-08 00:00:00.000,FALSE,2026-05-15 14:57:10.353 -0700
TBD_CU_000009,9,Jordan,Martinez,jordan.martinez.9@example.com,555-0063,9 Hardware Way,Philadelphia,PA,19101,Northeast,business,2025-05-05 00:00:00.000,2025-05-05 00:00:00.000,FALSE,2026-05-15 14:57:10.353 -0700
TBD_CU_000010,10,Casey,Anderson,casey.anderson.10@example.com,555-0070,10 Hardware Way,Columbus,OH,43201,Midwest,residential,2025-05-02 00:00:00.000,2025-05-02 00:00:00.000,FALSE,2026-05-15 14:57:10.353 -0700
TBD_CU_000011,11,Drew,Thomas,drew.thomas.11@example.com,555-0077,11 Hardware Way,Edison,NJ,08817,Northeast,residential,2025-04-29 00:00:00.000,2025-04-29 00:00:00.000,FALSE,2026-05-15 14:57:10.353 -0700
TBD_CU_000012,12,Dylan,Jackson,dylan.jackson.12@example.com,555-0084,12 Hardware Way,Atlanta,GA,30301,Southeast,residential,2025-04-26 00:00:00.000,2025-04-26 00:00:00.000,FALSE,2026-05-15 14:57:10.353 -0700
TBD_CU_000013,13,Avery,White,avery.white.13@example.com,555-0091,13 Hardware Way,Indianapolis,IN,46201,Midwest,residential,2025-04-23 00:00:00.000,2025-04-23 00:00:00.000,FALSE,2026-05-15 14:57:10.353 -0700
TBD_CU_000014,14,Riley,Harris,riley.harris.14@example.com,555-0098,14 Hardware Way,Denver,CO,80201,West,residential,2025-04-20 00:00:00.000,2025-04-20 00:00:00.000,FALSE,2026-05-15 14:57:10.353 -0700
TBD_CU_000015,15,Quinn,Martin,quinn.martin.15@example.com,555-0105,15 Hardware Way,Dallas,TX,75201,South,residential,2025-04-17 00:00:00.000,2025-04-17 00:00:00.000,FALSE,2026-05-15 14:57:10.353 -0700
TBD_CU_000016,16,Blake,Thompson,blake.thompson.16@example.com,555-0112,16 Hardware Way,San Jose,CA,95101,West,contractor,2025-04-14 00:00:00.000,2025-04-14 00:00:00.000,FALSE,2026-05-15 14:57:10.353 -0700
TBD_CU_000017,17,Reese,Moore,reese.moore.17@example.com,555-0119,17 Hardware Way,Chicago,IL,60601,Midwest,contractor,2025-04-11 00:00:00.000,2025-04-11 00:00:00.000,FALSE,2026-05-15 14:57:10.353 -0700
TBD_CU_000018,18,Skyler,Allen,skyler.allen.18@example.com,555-0126,18 Hardware Way,Orlando,FL,32801,Southeast,contractor,2025-04-08 00:00:00.000,2025-04-08 00:00:00.000,FALSE,2026-05-15 14:57:10.353 -0700
TBD_CU_000019,19,Emery,Young,emery.young.19@example.com,555-0133,19 Hardware Way,Philadelphia,PA,19101,Northeast,business,2025-04-05 00:00:00.000,2025-04-05 00:00:00.000,FALSE,2026-05-15 14:57:10.353 -0700
TBD_CU_000020,20,Rowan,King,rowan.king.20@example.com,555-0140,20 Hardware Way,Columbus,OH,43201,Midwest,residential,2025-04-02 00:00:00.000,2025-04-02 00:00:00.000,FALSE,2026-05-15 14:57:10.353 -0700
TBD_CU_000021,21,Logan,Wright,logan.wright.21@example.com,555-0147,21 Hardware Way,Edison,NJ,08817,Northeast,residential,2025-03-30 00:00:00.000,2025-03-30 00:00:00.000,FALSE,2026-05-15 14:57:10.353 -0700
TBD_CU_000022,22,Parker,Scott,parker.scott.22@example.com,555-0154,22 Hardware Way,Atlanta,GA,30301,Southeast,residential,2025-03-27 00:00:00.000,2025-03-27 00:00:00.000,FALSE,2026-05-15 14:57:10.353 -0700
TBD_CU_000023,23,Harper,Hill,harper.hill.23@example.com,555-0161,23 Hardware Way,Indianapolis,IN,46201,Midwest,residential,2025-03-24 00:00:00.000,2025-03-24 00:00:00.000,FALSE,2026-05-15 14:57:10.353 -0700
TBD_CU_000024,24,Sawyer,Green,sawyer.green.24@example.com,555-0168,24 Hardware Way,Denver,CO,80201,West,residential,2025-03-21 00:00:00.000,2025-03-21 00:00:00.000,FALSE,2026-05-15 14:57:10.353 -0700
TBD_CU_000025,25,Finley,Adams,finley.adams.25@example.com,555-0175,25 Hardware Way,Dallas,TX,75201,South,residential,2025-03-18 00:00:00.000,2025-03-18 00:00:00.000,FALSE,2026-05-15 14:57:10.353 -0700
TBD_CU_000026,26,Charlie,Baker,charlie.baker.26@example.com,555-0182,26 Hardware Way,San Jose,CA,95101,West,contractor,2025-03-15 00:00:00.000,2025-03-15 00:00:00.000,FALSE,2026-05-15 14:57:10.353 -0700
TBD_CU_000027,27,Hayden,Nelson,hayden.nelson.27@example.com,555-0189,27 Hardware Way,Chicago,IL,60601,Midwest,contractor,2025-03-12 00:00:00.000,2025-03-12 00:00:00.000,FALSE,2026-05-15 14:57:10.353 -0700
TBD_CU_000028,28,Peyton,Carter,peyton.carter.28@example.com,555-0196,28 Hardware Way,Orlando,FL,32801,Southeast,contractor,2025-03-09 00:00:00.000,2025-03-09 00:00:00.000,FALSE,2026-05-15 14:57:10.353 -0700
TBD_CU_000029,29,Dakota,Mitchell,dakota.mitchell.29@example.com,555-0203,29 Hardware Way,Philadelphia,PA,19101,Northeast,business,2025-03-06 00:00:00.000,2025-03-06 00:00:00.000,FALSE,2026-05-15 14:57:10.353 -0700
TBD_CU_000030,30,Sage,Perez,sage.perez.30@example.com,555-0210,30 Hardware Way,Columbus,OH,43201,Midwest,residential,2025-03-03 00:00:00.000,2025-03-03 00:00:00.000,FALSE,2026-05-15 14:57:10.353 -0700
TBD_CU_000031,31,John,Smith,john.smith.31@example.com,555-0217,31 Hardware Way,Edison,NJ,08817,Northeast,residential,2025-02-28 00:00:00.000,2025-02-28 00:00:00.000,FALSE,2026-05-15 14:57:10.353 -0700
TBD_CU_000032,32,Jane,Johnson,jane.johnson.32@example.com,555-0224,32 Hardware Way,Atlanta,GA,30301,Southeast,residential,2025-02-25 00:00:00.000,2025-02-25 00:00:00.000,FALSE,2026-05-15 14:57:10.353 -0700
TBD_CU_000033,33,Alex,Williams,alex.williams.33@example.com,555-0231,33 Hardware Way,Indianapolis,IN,46201,Midwest,residential,2025-02-22 00:00:00.000,2025-02-22 00:00:00.000,FALSE,2026-05-15 14:57:10.353 -0700
TBD_CU_000034,34,Chris,Brown,chris.brown.34@example.com,555-0238,34 Hardware Way,Denver,CO,80201,West,residential,2025-02-19 00:00:00.000,2025-02-19 00:00:00.000,FALSE,2026-05-15 14:57:10.353 -0700
TBD_CU_000035,35,Pat,Jones,pat.jones.35@example.com,555-0245,35 Hardware Way,Dallas,TX,75201,South,residential,2025-02-16 00:00:00.000,2025-02-16 00:00:00.000,FALSE,2026-05-15 14:57:10.353 -0700
TBD_CU_000036,36,Sam,Garcia,sam.garcia.36@example.com,555-0252,36 Hardware Way,San Jose,CA,95101,West,contractor,2025-02-13 00:00:00.000,2025-02-13 00:00:00.000,FALSE,2026-05-15 14:57:10.353 -0700
TBD_CU_000037,37,Morgan,Miller,morgan.miller.37@example.com,555-0259,37 Hardware Way,Chicago,IL,60601,Midwest,contractor,2025-02-10 00:00:00.000,2025-02-10 00:00:00.000,FALSE,2026-05-15 14:57:10.353 -0700
TBD_CU_000038,38,Taylor,Davis,taylor.davis.38@example.com,555-0266,38 Hardware Way,Orlando,FL,32801,Southeast,contractor,2025-02-07 00:00:00.000,2025-02-07 00:00:00.000,FALSE,2026-05-15 14:57:10.353 -0700
TBD_CU_000039,39,Jordan,Martinez,jordan.martinez.39@example.com,555-0273,39 Hardware Way,Philadelphia,PA,19101,Northeast,business,2025-02-04 00:00:00.000,2025-02-04 00:00:00.000,FALSE,2026-05-15 14:57:10.353 -0700
TBD_CU_000040,40,Casey,Anderson,casey.anderson.40@example.com,555-0280,40 Hardware Way,Columbus,OH,43201,Midwest,residential,2025-02-01 00:00:00.000,2025-02-01 00:00:00.000,FALSE,2026-05-15 14:57:10.353 -0700
TBD_CU_000041,41,Drew,Thomas,drew.thomas.41@example.com,555-0287,41 Hardware Way,Edison,NJ,08817,Northeast,residential,2025-01-29 00:00:00.000,2025-01-29 00:00:00.000,FALSE,2026-05-15 14:57:10.353 -0700
TBD_CU_000042,42,Dylan,Jackson,dylan.jackson.42@example.com,555-0294,42 Hardware Way,Atlanta,GA,30301,Southeast,residential,2025-01-26 00:00:00.000,2025-01-26 00:00:00.000,FALSE,2026-05-15 14:57:10.353 -0700
TBD_CU_000043,43,Avery,White,avery.white.43@example.com,555-0301,43 Hardware Way,Indianapolis,IN,46201,Midwest,residential,2025-01-23 00:00:00.000,2025-01-23 00:00:00.000,FALSE,2026-05-15 14:57:10.353 -0700
TBD_CU_000044,44,Riley,Harris,riley.harris.44@example.com,555-0308,44 Hardware Way,Denver,CO,80201,West,residential,2025-01-20 00:00:00.000,2025-01-20 00:00:00.000,FALSE,2026-05-15 14:57:10.353 -0700
TBD_CU_000045,45,Quinn,Martin,quinn.martin.45@example.com,555-0315,45 Hardware Way,Dallas,TX,75201,South,residential,2025-01-17 00:00:00.000,2025-01-17 00:00:00.000,FALSE,2026-05-15 14:57:10.353 -0700
TBD_CU_000046,46,Blake,Thompson,blake.thompson.46@example.com,555-0322,46 Hardware Way,San Jose,CA,95101,West,contractor,2025-01-14 00:00:00.000,2025-01-14 00:00:00.000,FALSE,2026-05-15 14:57:10.353 -0700
TBD_CU_000047,47,Reese,Moore,reese.moore.47@example.com,555-0329,47 Hardware Way,Chicago,IL,60601,Midwest,contractor,2025-01-11 00:00:00.000,2025-01-11 00:00:00.000,FALSE,2026-05-15 14:57:10.353 -0700
TBD_CU_000048,48,Skyler,Allen,skyler.allen.48@example.com,555-0336,48 Hardware Way,Orlando,FL,32801,Southeast,contractor,2025-01-08 00:00:00.000,2025-01-08 00:00:00.000,FALSE,2026-05-15 14:57:10.353 -0700
TBD_CU_000049,49,Emery,Young,emery.young.49@example.com,555-0343,49 Hardware Way,Philadelphia,PA,19101,Northeast,business,2025-01-05 00:00:00.000,2025-01-05 00:00:00.000,FALSE,2026-05-15 14:57:10.353 -0700
TBD_CU_000050,50,Rowan,King,rowan.king.50@example.com,555-0350,50 Hardware Way,Columbus,OH,43201,Midwest,residential,2025-01-02 00:00:00.000,2025-01-02 00:00:00.000,FALSE,2026-05-15 14:57:10.353 -0700
TBD_CU_000051,51,Logan,Wright,logan.wright.51@example.com,555-0357,51 Hardware Way,Edison,NJ,08817,Northeast,residential,2024-12-30 00:00:00.000,2024-12-30 00:00:00.000,FALSE,2026-05-15 14:57:10.353 -0700
TBD_CU_000052,52,Parker,Scott,parker.scott.52@example.com,555-0364,52 Hardware Way,Atlanta,GA,30301,Southeast,residential,2024-12-27 00:00:00.000,2024-12-27 00:00:00.000,FALSE,2026-05-15 14:57:10.353 -0700
TBD_CU_000053,53,Harper,Hill,harper.hill.53@example.com,555-0371,53 Hardware Way,Indianapolis,IN,46201,Midwest,residential,2024-12-24 00:00:00.000,2024-12-24 00:00:00.000,FALSE,2026-05-15 14:57:10.353 -0700
TBD_CU_000054,54,Sawyer,Green,sawyer.green.54@example.com,555-0378,54 Hardware Way,Denver,CO,80201,West,residential,2024-12-21 00:00:00.000,2024-12-21 00:00:00.000,FALSE,2026-05-15 14:57:10.353 -0700
TBD_CU_000055,55,Finley,Adams,finley.adams.55@example.com,555-0385,55 Hardware Way,Dallas,TX,75201,South,residential,2024-12-18 00:00:00.000,2024-12-18 00:00:00.000,FALSE,2026-05-15 14:57:10.353 -0700
TBD_CU_000056,56,Charlie,Baker,charlie.baker.56@example.com,555-0392,56 Hardware Way,San Jose,CA,95101,West,contractor,2024-12-15 00:00:00.000,2024-12-15 00:00:00.000,FALSE,2026-05-15 14:57:10.353 -0700
TBD_CU_000057,57,Hayden,Nelson,hayden.nelson.57@example.com,555-0399,57 Hardware Way,Chicago,IL,60601,Midwest,contractor,2024-12-12 00:00:00.000,2024-12-12 00:00:00.000,FALSE,2026-05-15 14:57:10.353 -0700
TBD_CU_000058,58,Peyton,Carter,peyton.carter.58@example.com,555-0406,58 Hardware Way,Orlando,FL,32801,Southeast,contractor,2024-12-09 00:00:00.000,2024-12-09 00:00:00.000,FALSE,2026-05-15 14:57:10.353 -0700
TBD_CU_000059,59,Dakota,Mitchell,dakota.mitchell.59@example.com,555-0413,59 Hardware Way,Philadelphia,PA,19101,Northeast,business,2024-12-06 00:00:00.000,2024-12-06 00:00:00.000,FALSE,2026-05-15 14:57:10.353 -0700
TBD_CU_000060,60,Sage,Perez,sage.perez.60@example.com,555-0420,60 Hardware Way,Columbus,OH,43201,Midwest,residential,2024-12-03 00:00:00.000,2024-12-03 00:00:00.000,FALSE,2026-05-15 14:57:10.353 -0700
TBD_CU_000061,61,John,Smith,john.smith.61@example.com,555-0427,61 Hardware Way,Edison,NJ,08817,Northeast,residential,2024-11-30 00:00:00.000,2024-11-30 00:00:00.000,FALSE,2026-05-15 14:57:10.353 -0700
TBD_CU_000062,62,Jane,Johnson,jane.johnson.62@example.com,555-0434,62 Hardware Way,Atlanta,GA,30301,Southeast,residential,2024-11-27 00:00:00.000,2024-11-27 00:00:00.000,FALSE,2026-05-15 14:57:10.353 -0700
TBD_CU_000063,63,Alex,Williams,alex.williams.63@example.com,555-0441,63 Hardware Way,Indianapolis,IN,46201,Midwest,residential,2024-11-24 00:00:00.000,2024-11-24 00:00:00.000,FALSE,2026-05-15 14:57:10.353 -0700
TBD_CU_000064,64,Chris,Brown,chris.brown.64@example.com,555-0448,64 Hardware Way,Denver,CO,80201,West,residential,2024-11-21 00:00:00.000,2024-11-21 00:00:00.000,FALSE,2026-05-15 14:57:10.353 -0700
TBD_CU_000065,65,Pat,Jones,pat.jones.65@example.com,555-0455,65 Hardware Way,Dallas,TX,75201,South,residential,2024-11-18 00:00:00.000,2024-11-18 00:00:00.000,FALSE,2026-05-15 14:57:10.353 -0700
TBD_CU_000066,66,Sam,Garcia,sam.garcia.66@example.com,555-0462,66 Hardware Way,San Jose,CA,95101,West,contractor,2024-11-15 00:00:00.000,2024-11-15 00:00:00.000,FALSE,2026-05-15 14:57:10.353 -0700
TBD_CU_000067,67,Morgan,Miller,morgan.miller.67@example.com,555-0469,67 Hardware Way,Chicago,IL,60601,Midwest,contractor,2024-11-12 00:00:00.000,2024-11-12 00:00:00.000,FALSE,2026-05-15 14:57:10.353 -0700
TBD_CU_000068,68,Taylor,Davis,taylor.davis.68@example.com,555-0476,68 Hardware Way,Orlando,FL,32801,Southeast,contractor,2024-11-09 00:00:00.000,2024-11-09 00:00:00.000,FALSE,2026-05-15 14:57:10.353 -0700
TBD_CU_000069,69,Jordan,Martinez,jordan.martinez.69@example.com,555-0483,69 Hardware Way,Philadelphia,PA,19101,Northeast,business,2024-11-06 00:00:00.000,2024-11-06 00:00:00.000,FALSE,2026-05-15 14:57:10.353 -0700
TBD_CU_000070,70,Casey,Anderson,casey.anderson.70@example.com,555-0490,70 Hardware Way,Columbus,OH,43201,Midwest,residential,2024-11-03 00:00:00.000,2024-11-03 00:00:00.000,FALSE,2026-05-15 14:57:10.353 -0700
TBD_CU_000071,71,Drew,Thomas,drew.thomas.71@example.com,555-0497,71 Hardware Way,Edison,NJ,08817,Northeast,residential,2024-10-31 00:00:00.000,2024-10-31 00:00:00.000,FALSE,2026-05-15 14:57:10.353 -0700
TBD_CU_000072,72,Dylan,Jackson,dylan.jackson.72@example.com,555-0504,72 Hardware Way,Atlanta,GA,30301,Southeast,residential,2024-10-28 00:00:00.000,2024-10-28 00:00:00.000,FALSE,2026-05-15 14:57:10.353 -0700
TBD_CU_000073,73,Avery,White,avery.white.73@example.com,555-0511,73 Hardware Way,Indianapolis,IN,46201,Midwest,residential,2024-10-25 00:00:00.000,2024-10-25 00:00:00.000,FALSE,2026-05-15 14:57:10.353 -0700
TBD_CU_000074,74,Riley,Harris,riley.harris.74@example.com,555-0518,74 Hardware Way,Denver,CO,80201,West,residential,2024-10-22 00:00:00.000,2024-10-22 00:00:00.000,FALSE,2026-05-15 14:57:10.353 -0700
TBD_CU_000075,75,Quinn,Martin,quinn.martin.75@example.com,555-0525,75 Hardware Way,Dallas,TX,75201,South,residential,2024-10-19 00:00:00.000,2024-10-19 00:00:00.000,FALSE,2026-05-15 14:57:10.353 -0700
TBD_CU_000076,76,Blake,Thompson,blake.thompson.76@example.com,555-0532,76 Hardware Way,San Jose,CA,95101,West,contractor,2024-10-16 00:00:00.000,2024-10-16 00:00:00.000,FALSE,2026-05-15 14:57:10.353 -0700
TBD_CU_000077,77,Reese,Moore,reese.moore.77@example.com,555-0539,77 Hardware Way,Chicago,IL,60601,Midwest,contractor,2024-10-13 00:00:00.000,2024-10-13 00:00:00.000,FALSE,2026-05-15 14:57:10.353 -0700
TBD_CU_000078,78,Skyler,Allen,skyler.allen.78@example.com,555-0546,78 Hardware Way,Orlando,FL,32801,Southeast,contractor,2024-10-10 00:00:00.000,2024-10-10 00:00:00.000,FALSE,2026-05-15 14:57:10.353 -0700
TBD_CU_000079,79,Emery,Young,emery.young.79@example.com,555-0553,79 Hardware Way,Philadelphia,PA,19101,Northeast,business,2024-10-07 00:00:00.000,2024-10-07 00:00:00.000,FALSE,2026-05-15 14:57:10.353 -0700
TBD_CU_000080,80,Rowan,King,rowan.king.80@example.com,555-0560,80 Hardware Way,Columbus,OH,43201,Midwest,residential,2024-10-04 00:00:00.000,2024-10-04 00:00:00.000,FALSE,2026-05-15 14:57:10.353 -0700
TBD_CU_000081,81,Logan,Wright,logan.wright.81@example.com,555-0567,81 Hardware Way,Edison,NJ,08817,Northeast,residential,2024-10-01 00:00:00.000,2024-10-01 00:00:00.000,FALSE,2026-05-15 14:57:10.353 -0700
TBD_CU_000082,82,Parker,Scott,parker.scott.82@example.com,555-0574,82 Hardware Way,Atlanta,GA,30301,Southeast,residential,2024-09-28 00:00:00.000,2024-09-28 00:00:00.000,FALSE,2026-05-15 14:57:10.353 -0700
TBD_CU_000083,83,Harper,Hill,harper.hill.83@example.com,555-0581,83 Hardware Way,Indianapolis,IN,46201,Midwest,residential,2024-09-25 00:00:00.000,2024-09-25 00:00:00.000,FALSE,2026-05-15 14:57:10.353 -0700
TBD_CU_000084,84,Sawyer,Green,sawyer.green.84@example.com,555-0588,84 Hardware Way,Denver,CO,80201,West,residential,2024-09-22 00:00:00.000,2024-09-22 00:00:00.000,FALSE,2026-05-15 14:57:10.353 -0700
TBD_CU_000085,85,Finley,Adams,finley.adams.85@example.com,555-0595,85 Hardware Way,Dallas,TX,75201,South,residential,2024-09-19 00:00:00.000,2024-09-19 00:00:00.000,FALSE,2026-05-15 14:57:10.353 -0700
TBD_CU_000086,86,Charlie,Baker,charlie.baker.86@example.com,555-0602,86 Hardware Way,San Jose,CA,95101,West,contractor,2024-09-16 00:00:00.000,2024-09-16 00:00:00.000,FALSE,2026-05-15 14:57:10.353 -0700
TBD_CU_000087,87,Hayden,Nelson,hayden.nelson.87@example.com,555-0609,87 Hardware Way,Chicago,IL,60601,Midwest,contractor,2024-09-13 00:00:00.000,2024-09-13 00:00:00.000,FALSE,2026-05-15 14:57:10.353 -0700
TBD_CU_000088,88,Peyton,Carter,peyton.carter.88@example.com,555-0616,88 Hardware Way,Orlando,FL,32801,Southeast,contractor,2024-09-10 00:00:00.000,2024-09-10 00:00:00.000,FALSE,2026-05-15 14:57:10.353 -0700
TBD_CU_000089,89,Dakota,Mitchell,dakota.mitchell.89@example.com,555-0623,89 Hardware Way,Philadelphia,PA,19101,Northeast,business,2024-09-07 00:00:00.000,2024-09-07 00:00:00.000,FALSE,2026-05-15 14:57:10.353 -0700
TBD_CU_000090,90,Sage,Perez,sage.perez.90@example.com,555-0630,90 Hardware Way,Columbus,OH,43201,Midwest,residential,2024-09-04 00:00:00.000,2024-09-04 00:00:00.000,FALSE,2026-05-15 14:57:10.353 -0700
TBD_CU_000091,91,John,Smith,john.smith.91@example.com,555-0637,91 Hardware Way,Edison,NJ,08817,Northeast,residential,2024-09-01 00:00:00.000,2024-09-01 00:00:00.000,FALSE,2026-05-15 14:57:10.353 -0700
TBD_CU_000092,92,Jane,Johnson,jane.johnson.92@example.com,555-0644,92 Hardware Way,Atlanta,GA,30301,Southeast,residential,2024-08-29 00:00:00.000,2024-08-29 00:00:00.000,FALSE,2026-05-15 14:57:10.353 -0700
TBD_CU_000093,93,Alex,Williams,alex.williams.93@example.com,555-0651,93 Hardware Way,Indianapolis,IN,46201,Midwest,residential,2024-08-26 00:00:00.000,2024-08-26 00:00:00.000,FALSE,2026-05-15 14:57:10.353 -0700
TBD_CU_000094,94,Chris,Brown,chris.brown.94@example.com,555-0658,94 Hardware Way,Denver,CO,80201,West,residential,2024-08-23 00:00:00.000,2024-08-23 00:00:00.000,FALSE,2026-05-15 14:57:10.353 -0700
TBD_CU_000095,95,Pat,Jones,pat.jones.95@example.com,555-0665,95 Hardware Way,Dallas,TX,75201,South,residential,2024-08-20 00:00:00.000,2024-08-20 00:00:00.000,FALSE,2026-05-15 14:57:10.353 -0700
TBD_CU_000096,96,Sam,Garcia,sam.garcia.96@example.com,555-0672,96 Hardware Way,San Jose,CA,95101,West,contractor,2024-08-17 00:00:00.000,2024-08-17 00:00:00.000,FALSE,2026-05-15 14:57:10.353 -0700
TBD_CU_000097,97,Morgan,Miller,morgan.miller.97@example.com,555-0679,97 Hardware Way,Chicago,IL,60601,Midwest,contractor,2024-08-14 00:00:00.000,2024-08-14 00:00:00.000,FALSE,2026-05-15 14:57:10.353 -0700
TBD_CU_000098,98,Taylor,Davis,taylor.davis.98@example.com,555-0686,98 Hardware Way,Orlando,FL,32801,Southeast,contractor,2024-08-11 00:00:00.000,2024-08-11 00:00:00.000,FALSE,2026-05-15 14:57:10.353 -0700
TBD_CU_000099,99,Jordan,Martinez,jordan.martinez.99@example.com,555-0693,99 Hardware Way,Philadelphia,PA,19101,Northeast,business,2024-08-08 00:00:00.000,2024-08-08 00:00:00.000,FALSE,2026-05-15 14:57:10.353 -0700
TBD_CU_000100,100,Casey,Anderson,casey.anderson.100@example.com,555-0700,100 Hardware Way,Columbus,OH,43201,Midwest,residential,2024-08-05 00:00:00.000,2024-08-05 00:00:00.000,FALSE,2026-05-15 14:57:10.353 -0700
TBD_CU_000101,101,Drew,Thomas,drew.thomas.101@example.com,555-0707,101 Hardware Way,Edison,NJ,08817,Northeast,residential,2024-08-02 00:00:00.000,2024-08-02 00:00:00.000,FALSE,2026-05-15 14:57:10.353 -0700
TBD_CU_000102,102,Dylan,Jackson,dylan.jackson.102@example.com,555-0714,102 Hardware Way,Atlanta,GA,30301,Southeast,residential,2024-07-30 00:00:00.000,2024-07-30 00:00:00.000,FALSE,2026-05-15 14:57:10.353 -0700
TBD_CU_000103,103,Avery,White,avery.white.103@example.com,555-0721,103 Hardware Way,Indianapolis,IN,46201,Midwest,residential,2024-07-27 00:00:00.000,2024-07-27 00:00:00.000,FALSE,2026-05-15 14:57:10.353 -0700
TBD_CU_000104,104,Riley,Harris,riley.harris.104@example.com,555-0728,104 Hardware Way,Denver,CO,80201,West,residential,2024-07-24 00:00:00.000,2024-07-24 00:00:00.000,FALSE,2026-05-15 14:57:10.353 -0700
TBD_CU_000105,105,Quinn,Martin,quinn.martin.105@example.com,555-0735,105 Hardware Way,Dallas,TX,75201,South,residential,2024-07-21 00:00:00.000,2024-07-21 00:00:00.000,FALSE,2026-05-15 14:57:10.353 -0700
TBD_CU_000106,106,Blake,Thompson,blake.thompson.106@example.com,555-0742,106 Hardware Way,San Jose,CA,95101,West,contractor,2024-07-18 00:00:00.000,2024-07-18 00:00:00.000,FALSE,2026-05-15 14:57:10.353 -0700
TBD_CU_000107,107,Reese,Moore,reese.moore.107@example.com,555-0749,107 Hardware Way,Chicago,IL,60601,Midwest,contractor,2024-07-15 00:00:00.000,2024-07-15 00:00:00.000,FALSE,2026-05-15 14:57:10.353 -0700
TBD_CU_000108,108,Skyler,Allen,skyler.allen.108@example.com,555-0756,108 Hardware Way,Orlando,FL,32801,Southeast,contractor,2024-07-12 00:00:00.000,2024-07-12 00:00:00.000,FALSE,2026-05-15 14:57:10.353 -0700
TBD_CU_000109,109,Emery,Young,emery.young.109@example.com,555-0763,109 Hardware Way,Philadelphia,PA,19101,Northeast,business,2024-07-09 00:00:00.000,2024-07-09 00:00:00.000,FALSE,2026-05-15 14:57:10.353 -0700
TBD_CU_000110,110,Rowan,King,rowan.king.110@example.com,555-0770,110 Hardware Way,Columbus,OH,43201,Midwest,residential,2024-07-06 00:00:00.000,2024-07-06 00:00:00.000,FALSE,2026-05-15 14:57:10.353 -0700
TBD_CU_000111,111,Logan,Wright,logan.wright.111@example.com,555-0777,111 Hardware Way,Edison,NJ,08817,Northeast,residential,2024-07-03 00:00:00.000,2024-07-03 00:00:00.000,FALSE,2026-05-15 14:57:10.353 -0700
TBD_CU_000112,112,Parker,Scott,parker.scott.112@example.com,555-0784,112 Hardware Way,Atlanta,GA,30301,Southeast,residential,2024-06-30 00:00:00.000,2024-06-30 00:00:00.000,FALSE,2026-05-15 14:57:10.353 -0700
TBD_CU_000113,113,Harper,Hill,harper.hill.113@example.com,555-0791,113 Hardware Way,Indianapolis,IN,46201,Midwest,residential,2024-06-27 00:00:00.000,2024-06-27 00:00:00.000,FALSE,2026-05-15 14:57:10.353 -0700
TBD_CU_000114,114,Sawyer,Green,sawyer.green.114@example.com,555-0798,114 Hardware Way,Denver,CO,80201,West,residential,2024-06-24 00:00:00.000,2024-06-24 00:00:00.000,FALSE,2026-05-15 14:57:10.353 -0700
TBD_CU_000115,115,Finley,Adams,finley.adams.115@example.com,555-0805,115 Hardware Way,Dallas,TX,75201,South,residential,2024-06-21 00:00:00.000,2024-06-21 00:00:00.000,FALSE,2026-05-15 14:57:10.353 -0700
TBD_CU_000116,116,Charlie,Baker,charlie.baker.116@example.com,555-0812,116 Hardware Way,San Jose,CA,95101,West,contractor,2024-06-18 00:00:00.000,2024-06-18 00:00:00.000,FALSE,2026-05-15 14:57:10.353 -0700
TBD_CU_000117,117,Hayden,Nelson,hayden.nelson.117@example.com,555-0819,117 Hardware Way,Chicago,IL,60601,Midwest,contractor,2024-06-15 00:00:00.000,2024-06-15 00:00:00.000,FALSE,2026-05-15 14:57:10.353 -0700
TBD_CU_000118,118,Peyton,Carter,peyton.carter.118@example.com,555-0826,118 Hardware Way,Orlando,FL,32801,Southeast,contractor,2024-06-12 00:00:00.000,2024-06-12 00:00:00.000,FALSE,2026-05-15 14:57:10.353 -0700
TBD_CU_000119,119,Dakota,Mitchell,dakota.mitchell.119@example.com,555-0833,119 Hardware Way,Philadelphia,PA,19101,Northeast,business,2024-06-09 00:00:00.000,2024-06-09 00:00:00.000,FALSE,2026-05-15 14:57:10.353 -0700
TBD_CU_000120,120,Sage,Perez,sage.perez.120@example.com,555-0840,120 Hardware Way,Columbus,OH,43201,Midwest,residential,2024-06-06 00:00:00.000,2024-06-06 00:00:00.000,FALSE,2026-05-15 14:57:10.353 -0700
TBD_CU_000121,121,John,Smith,john.smith.121@example.com,555-0847,121 Hardware Way,Edison,NJ,08817,Northeast,residential,2024-06-03 00:00:00.000,2024-06-03 00:00:00.000,FALSE,2026-05-15 14:57:10.353 -0700
TBD_CU_000122,122,Jane,Johnson,jane.johnson.122@example.com,555-0854,122 Hardware Way,Atlanta,GA,30301,Southeast,residential,2024-05-31 00:00:00.000,2024-05-31 00:00:00.000,FALSE,2026-05-15 14:57:10.353 -0700
TBD_CU_000123,123,Alex,Williams,alex.williams.123@example.com,555-0861,123 Hardware Way,Indianapolis,IN,46201,Midwest,residential,2024-05-28 00:00:00.000,2024-05-28 00:00:00.000,FALSE,2026-05-15 14:57:10.353 -0700
TBD_CU_000124,124,Chris,Brown,chris.brown.124@example.com,555-0868,124 Hardware Way,Denver,CO,80201,West,residential,2024-05-25 00:00:00.000,2024-05-25 00:00:00.000,FALSE,2026-05-15 14:57:10.353 -0700
TBD_CU_000125,125,Pat,Jones,pat.jones.125@example.com,555-0875,125 Hardware Way,Dallas,TX,75201,South,residential,2024-05-22 00:00:00.000,2024-05-22 00:00:00.000,FALSE,2026-05-15 14:57:10.353 -0700
TBD_CU_000126,126,Sam,Garcia,sam.garcia.126@example.com,555-0882,126 Hardware Way,San Jose,CA,95101,West,contractor,2024-05-19 00:00:00.000,2024-05-19 00:00:00.000,FALSE,2026-05-15 14:57:10.353 -0700
TBD_CU_000127,127,Morgan,Miller,morgan.miller.127@example.com,555-0889,127 Hardware Way,Chicago,IL,60601,Midwest,contractor,2024-05-16 00:00:00.000,2024-05-16 00:00:00.000,FALSE,2026-05-15 14:57:10.353 -0700
TBD_CU_000128,128,Taylor,Davis,taylor.davis.128@example.com,555-0896,128 Hardware Way,Orlando,FL,32801,Southeast,contractor,2024-05-13 00:00:00.000,2024-05-13 00:00:00.000,FALSE,2026-05-15 14:57:10.353 -0700
TBD_CU_000129,129,Jordan,Martinez,jordan.martinez.129@example.com,555-0903,129 Hardware Way,Philadelphia,PA,19101,Northeast,business,2024-05-10 00:00:00.000,2024-05-10 00:00:00.000,FALSE,2026-05-15 14:57:10.353 -0700
TBD_CU_000130,130,Casey,Anderson,casey.anderson.130@example.com,555-0910,130 Hardware Way,Columbus,OH,43201,Midwest,residential,2024-05-07 00:00:00.000,2024-05-07 00:00:00.000,FALSE,2026-05-15 14:57:10.353 -0700
TBD_CU_000131,131,Drew,Thomas,drew.thomas.131@example.com,555-0917,131 Hardware Way,Edison,NJ,08817,Northeast,residential,2024-05-04 00:00:00.000,2024-05-04 00:00:00.000,FALSE,2026-05-15 14:57:10.353 -0700
TBD_CU_000132,132,Dylan,Jackson,dylan.jackson.132@example.com,555-0924,132 Hardware Way,Atlanta,GA,30301,Southeast,residential,2024-05-01 00:00:00.000,2024-05-01 00:00:00.000,FALSE,2026-05-15 14:57:10.353 -0700
TBD_CU_000133,133,Avery,White,avery.white.133@example.com,555-0931,133 Hardware Way,Indianapolis,IN,46201,Midwest,residential,2024-04-28 00:00:00.000,2024-04-28 00:00:00.000,FALSE,2026-05-15 14:57:10.353 -0700
TBD_CU_000134,134,Riley,Harris,riley.harris.134@example.com,555-0938,134 Hardware Way,Denver,CO,80201,West,residential,2024-04-25 00:00:00.000,2024-04-25 00:00:00.000,FALSE,2026-05-15 14:57:10.353 -0700
TBD_CU_000135,135,Quinn,Martin,quinn.martin.135@example.com,555-0945,135 Hardware Way,Dallas,TX,75201,South,residential,2024-04-22 00:00:00.000,2024-04-22 00:00:00.000,FALSE,2026-05-15 14:57:10.353 -0700
TBD_CU_000136,136,Blake,Thompson,blake.thompson.136@example.com,555-0952,136 Hardware Way,San Jose,CA,95101,West,contractor,2024-04-19 00:00:00.000,2024-04-19 00:00:00.000,FALSE,2026-05-15 14:57:10.353 -0700
TBD_CU_000137,137,Reese,Moore,reese.moore.137@example.com,555-0959,137 Hardware Way,Chicago,IL,60601,Midwest,contractor,2024-04-16 00:00:00.000,2024-04-16 00:00:00.000,FALSE,2026-05-15 14:57:10.353 -0700
TBD_CU_000138,138,Skyler,Allen,skyler.allen.138@example.com,555-0966,138 Hardware Way,Orlando,FL,32801,Southeast,contractor,2024-04-13 00:00:00.000,2024-04-13 00:00:00.000,FALSE,2026-05-15 14:57:10.353 -0700
TBD_CU_000139,139,Emery,Young,emery.young.139@example.com,555-0973,139 Hardware Way,Philadelphia,PA,19101,Northeast,business,2024-04-10 00:00:00.000,2024-04-10 00:00:00.000,FALSE,2026-05-15 14:57:10.353 -0700
TBD_CU_000140,140,Rowan,King,rowan.king.140@example.com,555-0980,140 Hardware Way,Columbus,OH,43201,Midwest,residential,2024-04-07 00:00:00.000,2024-04-07 00:00:00.000,FALSE,2026-05-15 14:57:10.353 -0700
TBD_CU_000141,141,Logan,Wright,logan.wright.141@example.com,555-0987,141 Hardware Way,Edison,NJ,08817,Northeast,residential,2024-04-04 00:00:00.000,2024-04-04 00:00:00.000,FALSE,2026-05-15 14:57:10.353 -0700
TBD_CU_000142,142,Parker,Scott,parker.scott.142@example.com,555-0994,142 Hardware Way,Atlanta,GA,30301,Southeast,residential,2024-04-01 00:00:00.000,2024-04-01 00:00:00.000,FALSE,2026-05-15 14:57:10.353 -0700
TBD_CU_000143,143,Harper,Hill,harper.hill.143@example.com,555-1001,143 Hardware Way,Indianapolis,IN,46201,Midwest,residential,2024-03-29 00:00:00.000,2024-03-29 00:00:00.000,FALSE,2026-05-15 14:57:10.353 -0700
TBD_CU_000144,144,Sawyer,Green,sawyer.green.144@example.com,555-1008,144 Hardware Way,Denver,CO,80201,West,residential,2024-03-26 00:00:00.000,2024-03-26 00:00:00.000,FALSE,2026-05-15 14:57:10.353 -0700
TBD_CU_000145,145,Finley,Adams,finley.adams.145@example.com,555-1015,145 Hardware Way,Dallas,TX,75201,South,residential,2024-03-23 00:00:00.000,2024-03-23 00:00:00.000,FALSE,2026-05-15 14:57:10.353 -0700
TBD_CU_000146,146,Charlie,Baker,charlie.baker.146@example.com,555-1022,146 Hardware Way,San Jose,CA,95101,West,contractor,2024-03-20 00:00:00.000,2024-03-20 00:00:00.000,FALSE,2026-05-15 14:57:10.353 -0700
TBD_CU_000147,147,Hayden,Nelson,hayden.nelson.147@example.com,555-1029,147 Hardware Way,Chicago,IL,60601,Midwest,contractor,2024-03-17 00:00:00.000,2024-03-17 00:00:00.000,FALSE,2026-05-15 14:57:10.353 -0700
TBD_CU_000148,148,Peyton,Carter,peyton.carter.148@example.com,555-1036,148 Hardware Way,Orlando,FL,32801,Southeast,contractor,2024-03-14 00:00:00.000,2024-03-14 00:00:00.000,FALSE,2026-05-15 14:57:10.353 -0700
TBD_CU_000149,149,Dakota,Mitchell,dakota.mitchell.149@example.com,555-1043,149 Hardware Way,Philadelphia,PA,19101,Northeast,business,2024-03-11 00:00:00.000,2024-03-11 00:00:00.000,FALSE,2026-05-15 14:57:10.353 -0700
TBD_CU_000150,150,Sage,Perez,sage.perez.150@example.com,555-1050,150 Hardware Way,Columbus,OH,43201,Midwest,residential,2024-03-08 00:00:00.000,2024-03-08 00:00:00.000,FALSE,2026-05-15 14:57:10.353 -0700
TBD_CU_000151,151,John,Smith,john.smith.151@example.com,555-1057,151 Hardware Way,Edison,NJ,08817,Northeast,residential,2024-03-05 00:00:00.000,2024-03-05 00:00:00.000,FALSE,2026-05-15 14:57:10.353 -0700
TBD_CU_000152,152,Jane,Johnson,jane.johnson.152@example.com,555-1064,152 Hardware Way,Atlanta,GA,30301,Southeast,residential,2024-03-02 00:00:00.000,2024-03-02 00:00:00.000,FALSE,2026-05-15 14:57:10.353 -0700
TBD_CU_000153,153,Alex,Williams,alex.williams.153@example.com,555-1071,153 Hardware Way,Indianapolis,IN,46201,Midwest,residential,2024-02-28 00:00:00.000,2024-02-28 00:00:00.000,FALSE,2026-05-15 14:57:10.353 -0700
TBD_CU_000154,154,Chris,Brown,chris.brown.154@example.com,555-1078,154 Hardware Way,Denver,CO,80201,West,residential,2024-02-25 00:00:00.000,2024-02-25 00:00:00.000,FALSE,2026-05-15 14:57:10.353 -0700
TBD_CU_000155,155,Pat,Jones,pat.jones.155@example.com,555-1085,155 Hardware Way,Dallas,TX,75201,South,residential,2024-02-22 00:00:00.000,2024-02-22 00:00:00.000,FALSE,2026-05-15 14:57:10.353 -0700
TBD_CU_000156,156,Sam,Garcia,sam.garcia.156@example.com,555-1092,156 Hardware Way,San Jose,CA,95101,West,contractor,2024-02-19 00:00:00.000,2024-02-19 00:00:00.000,FALSE,2026-05-15 14:57:10.353 -0700
TBD_CU_000157,157,Morgan,Miller,morgan.miller.157@example.com,555-1099,157 Hardware Way,Chicago,IL,60601,Midwest,contractor,2024-02-16 00:00:00.000,2024-02-16 00:00:00.000,FALSE,2026-05-15 14:57:10.353 -0700
TBD_CU_000158,158,Taylor,Davis,taylor.davis.158@example.com,555-1106,158 Hardware Way,Orlando,FL,32801,Southeast,contractor,2024-02-13 00:00:00.000,2024-02-13 00:00:00.000,FALSE,2026-05-15 14:57:10.353 -0700
TBD_CU_000159,159,Jordan,Martinez,jordan.martinez.159@example.com,555-1113,159 Hardware Way,Philadelphia,PA,19101,Northeast,business,2024-02-10 00:00:00.000,2024-02-10 00:00:00.000,FALSE,2026-05-15 14:57:10.353 -0700
TBD_CU_000160,160,Casey,Anderson,casey.anderson.160@example.com,555-1120,160 Hardware Way,Columbus,OH,43201,Midwest,residential,2024-02-07 00:00:00.000,2024-02-07 00:00:00.000,FALSE,2026-05-15 14:57:10.353 -0700
TBD_CU_000161,161,Drew,Thomas,drew.thomas.161@example.com,555-1127,161 Hardware Way,Edison,NJ,08817,Northeast,residential,2024-02-04 00:00:00.000,2024-02-04 00:00:00.000,FALSE,2026-05-15 14:57:10.353 -0700
TBD_CU_000162,162,Dylan,Jackson,dylan.jackson.162@example.com,555-1134,162 Hardware Way,Atlanta,GA,30301,Southeast,residential,2024-02-01 00:00:00.000,2024-02-01 00:00:00.000,FALSE,2026-05-15 14:57:10.353 -0700
TBD_CU_000163,163,Avery,White,avery.white.163@example.com,555-1141,163 Hardware Way,Indianapolis,IN,46201,Midwest,residential,2024-01-29 00:00:00.000,2024-01-29 00:00:00.000,FALSE,2026-05-15 14:57:10.353 -0700
TBD_CU_000164,164,Riley,Harris,riley.harris.164@example.com,555-1148,164 Hardware Way,Denver,CO,80201,West,residential,2024-01-26 00:00:00.000,2024-01-26 00:00:00.000,FALSE,2026-05-15 14:57:10.353 -0700
TBD_CU_000165,165,Quinn,Martin,quinn.martin.165@example.com,555-1155,165 Hardware Way,Dallas,TX,75201,South,residential,2024-01-23 00:00:00.000,2024-01-23 00:00:00.000,FALSE,2026-05-15 14:57:10.353 -0700
TBD_CU_000166,166,Blake,Thompson,blake.thompson.166@example.com,555-1162,166 Hardware Way,San Jose,CA,95101,West,contractor,2024-01-20 00:00:00.000,2024-01-20 00:00:00.000,FALSE,2026-05-15 14:57:10.353 -0700
TBD_CU_000167,167,Reese,Moore,reese.moore.167@example.com,555-1169,167 Hardware Way,Chicago,IL,60601,Midwest,contractor,2024-01-17 00:00:00.000,2024-01-17 00:00:00.000,FALSE,2026-05-15 14:57:10.353 -0700
TBD_CU_000168,168,Skyler,Allen,skyler.allen.168@example.com,555-1176,168 Hardware Way,Orlando,FL,32801,Southeast,contractor,2024-01-14 00:00:00.000,2024-01-14 00:00:00.000,FALSE,2026-05-15 14:57:10.353 -0700
TBD_CU_000169,169,Emery,Young,emery.young.169@example.com,555-1183,169 Hardware Way,Philadelphia,PA,19101,Northeast,business,2024-01-11 00:00:00.000,2024-01-11 00:00:00.000,FALSE,2026-05-15 14:57:10.353 -0700
TBD_CU_000170,170,Rowan,King,rowan.king.170@example.com,555-1190,170 Hardware Way,Columbus,OH,43201,Midwest,residential,2024-01-08 00:00:00.000,2024-01-08 00:00:00.000,FALSE,2026-05-15 14:57:10.353 -0700
TBD_CU_000171,171,Logan,Wright,logan.wright.171@example.com,555-1197,171 Hardware Way,Edison,NJ,08817,Northeast,residential,2024-01-05 00:00:00.000,2024-01-05 00:00:00.000,FALSE,2026-05-15 14:57:10.353 -0700
TBD_CU_000172,172,Parker,Scott,parker.scott.172@example.com,555-1204,172 Hardware Way,Atlanta,GA,30301,Southeast,residential,2024-01-02 00:00:00.000,2024-01-02 00:00:00.000,FALSE,2026-05-15 14:57:10.353 -0700
TBD_CU_000173,173,Harper,Hill,harper.hill.173@example.com,555-1211,173 Hardware Way,Indianapolis,IN,46201,Midwest,residential,2023-12-30 00:00:00.000,2023-12-30 00:00:00.000,FALSE,2026-05-15 14:57:10.353 -0700
TBD_CU_000174,174,Sawyer,Green,sawyer.green.174@example.com,555-1218,174 Hardware Way,Denver,CO,80201,West,residential,2023-12-27 00:00:00.000,2023-12-27 00:00:00.000,FALSE,2026-05-15 14:57:10.353 -0700
TBD_CU_000175,175,Finley,Adams,finley.adams.175@example.com,555-1225,175 Hardware Way,Dallas,TX,75201,South,residential,2023-12-24 00:00:00.000,2023-12-24 00:00:00.000,FALSE,2026-05-15 14:57:10.353 -0700
TBD_CU_000176,176,Charlie,Baker,charlie.baker.176@example.com,555-1232,176 Hardware Way,San Jose,CA,95101,West,contractor,2023-12-21 00:00:00.000,2023-12-21 00:00:00.000,FALSE,2026-05-15 14:57:10.353 -0700
TBD_CU_000177,177,Hayden,Nelson,hayden.nelson.177@example.com,555-1239,177 Hardware Way,Chicago,IL,60601,Midwest,contractor,2023-12-18 00:00:00.000,2023-12-18 00:00:00.000,FALSE,2026-05-15 14:57:10.353 -0700
TBD_CU_000178,178,Peyton,Carter,peyton.carter.178@example.com,555-1246,178 Hardware Way,Orlando,FL,32801,Southeast,contractor,2023-12-15 00:00:00.000,2023-12-15 00:00:00.000,FALSE,2026-05-15 14:57:10.353 -0700
TBD_CU_000179,179,Dakota,Mitchell,dakota.mitchell.179@example.com,555-1253,179 Hardware Way,Philadelphia,PA,19101,Northeast,business,2023-12-12 00:00:00.000,2023-12-12 00:00:00.000,FALSE,2026-05-15 14:57:10.353 -0700
TBD_CU_000180,180,Sage,Perez,sage.perez.180@example.com,555-1260,180 Hardware Way,Columbus,OH,43201,Midwest,residential,2023-12-09 00:00:00.000,2023-12-09 00:00:00.000,FALSE,2026-05-15 14:57:10.353 -0700
TBD_CU_000181,181,John,Smith,john.smith.181@example.com,555-1267,181 Hardware Way,Edison,NJ,08817,Northeast,residential,2023-12-06 00:00:00.000,2023-12-06 00:00:00.000,FALSE,2026-05-15 14:57:10.353 -0700
TBD_CU_000182,182,Jane,Johnson,jane.johnson.182@example.com,555-1274,182 Hardware Way,Atlanta,GA,30301,Southeast,residential,2023-12-03 00:00:00.000,2023-12-03 00:00:00.000,FALSE,2026-05-15 14:57:10.353 -0700
TBD_CU_000183,183,Alex,Williams,alex.williams.183@example.com,555-1281,183 Hardware Way,Indianapolis,IN,46201,Midwest,residential,2023-11-30 00:00:00.000,2023-11-30 00:00:00.000,FALSE,2026-05-15 14:57:10.353 -0700
TBD_CU_000184,184,Chris,Brown,chris.brown.184@example.com,555-1288,184 Hardware Way,Denver,CO,80201,West,residential,2023-11-27 00:00:00.000,2023-11-27 00:00:00.000,FALSE,2026-05-15 14:57:10.353 -0700
TBD_CU_000185,185,Pat,Jones,pat.jones.185@example.com,555-1295,185 Hardware Way,Dallas,TX,75201,South,residential,2023-11-24 00:00:00.000,2023-11-24 00:00:00.000,FALSE,2026-05-15 14:57:10.353 -0700
TBD_CU_000186,186,Sam,Garcia,sam.garcia.186@example.com,555-1302,186 Hardware Way,San Jose,CA,95101,West,contractor,2023-11-21 00:00:00.000,2023-11-21 00:00:00.000,FALSE,2026-05-15 14:57:10.353 -0700
TBD_CU_000187,187,Morgan,Miller,morgan.miller.187@example.com,555-1309,187 Hardware Way,Chicago,IL,60601,Midwest,contractor,2023-11-18 00:00:00.000,2023-11-18 00:00:00.000,FALSE,2026-05-15 14:57:10.353 -0700
TBD_CU_000188,188,Taylor,Davis,taylor.davis.188@example.com,555-1316,188 Hardware Way,Orlando,FL,32801,Southeast,contractor,2023-11-15 00:00:00.000,2023-11-15 00:00:00.000,FALSE,2026-05-15 14:57:10.353 -0700
TBD_CU_000189,189,Jordan,Martinez,jordan.martinez.189@example.com,555-1323,189 Hardware Way,Philadelphia,PA,19101,Northeast,business,2023-11-12 00:00:00.000,2023-11-12 00:00:00.000,FALSE,2026-05-15 14:57:10.353 -0700
TBD_CU_000190,190,Casey,Anderson,casey.anderson.190@example.com,555-1330,190 Hardware Way,Columbus,OH,43201,Midwest,residential,2023-11-09 00:00:00.000,2023-11-09 00:00:00.000,FALSE,2026-05-15 14:57:10.353 -0700
TBD_CU_000191,191,Drew,Thomas,drew.thomas.191@example.com,555-1337,191 Hardware Way,Edison,NJ,08817,Northeast,residential,2023-11-06 00:00:00.000,2023-11-06 00:00:00.000,FALSE,2026-05-15 14:57:10.353 -0700
TBD_CU_000192,192,Dylan,Jackson,dylan.jackson.192@example.com,555-1344,192 Hardware Way,Atlanta,GA,30301,Southeast,residential,2023-11-03 00:00:00.000,2023-11-03 00:00:00.000,FALSE,2026-05-15 14:57:10.353 -0700
TBD_CU_000193,193,Avery,White,avery.white.193@example.com,555-1351,193 Hardware Way,Indianapolis,IN,46201,Midwest,residential,2023-10-31 00:00:00.000,2023-10-31 00:00:00.000,FALSE,2026-05-15 14:57:10.353 -0700
TBD_CU_000194,194,Riley,Harris,riley.harris.194@example.com,555-1358,194 Hardware Way,Denver,CO,80201,West,residential,2023-10-28 00:00:00.000,2023-10-28 00:00:00.000,FALSE,2026-05-15 14:57:10.353 -0700
TBD_CU_000195,195,Quinn,Martin,quinn.martin.195@example.com,555-1365,195 Hardware Way,Dallas,TX,75201,South,residential,2023-10-25 00:00:00.000,2023-10-25 00:00:00.000,FALSE,2026-05-15 14:57:10.353 -0700
TBD_CU_000196,196,Blake,Thompson,blake.thompson.196@example.com,555-1372,196 Hardware Way,San Jose,CA,95101,West,contractor,2023-10-22 00:00:00.000,2023-10-22 00:00:00.000,FALSE,2026-05-15 14:57:10.353 -0700
TBD_CU_000197,197,Reese,Moore,reese.moore.197@example.com,555-1379,197 Hardware Way,Chicago,IL,60601,Midwest,contractor,2023-10-19 00:00:00.000,2023-10-19 00:00:00.000,FALSE,2026-05-15 14:57:10.353 -0700
TBD_CU_000198,198,Skyler,Allen,skyler.allen.198@example.com,555-1386,198 Hardware Way,Orlando,FL,32801,Southeast,contractor,2023-10-16 00:00:00.000,2023-10-16 00:00:00.000,FALSE,2026-05-15 14:57:10.353 -0700
TBD_CU_000199,199,Emery,Young,emery.young.199@example.com,555-1393,199 Hardware Way,Philadelphia,PA,19101,Northeast,business,2023-10-13 00:00:00.000,2023-10-13 00:00:00.000,FALSE,2026-05-15 14:57:10.353 -0700
TBD_CU_000200,200,Rowan,King,rowan.king.200@example.com,555-1400,200 Hardware Way,Columbus,OH,43201,Midwest,residential,2023-10-10 00:00:00.000,2023-10-10 00:00:00.000,FALSE,2026-05-15 14:57:10.353 -0700
TBD_CU_000201,201,Logan,Wright,logan.wright.201@example.com,555-1407,201 Hardware Way,Edison,NJ,08817,Northeast,residential,2023-10-07 00:00:00.000,2023-10-07 00:00:00.000,FALSE,2026-05-15 14:57:10.353 -0700
TBD_CU_000202,202,Parker,Scott,parker.scott.202@example.com,555-1414,202 Hardware Way,Atlanta,GA,30301,Southeast,residential,2023-10-04 00:00:00.000,2023-10-04 00:00:00.000,FALSE,2026-05-15 14:57:10.353 -0700
TBD_CU_000203,203,Harper,Hill,harper.hill.203@example.com,555-1421,203 Hardware Way,Indianapolis,IN,46201,Midwest,residential,2023-10-01 00:00:00.000,2023-10-01 00:00:00.000,FALSE,2026-05-15 14:57:10.353 -0700
TBD_CU_000204,204,Sawyer,Green,sawyer.green.204@example.com,555-1428,204 Hardware Way,Denver,CO,80201,West,residential,2023-09-28 00:00:00.000,2023-09-28 00:00:00.000,FALSE,2026-05-15 14:57:10.353 -0700
TBD_CU_000205,205,Finley,Adams,finley.adams.205@example.com,555-1435,205 Hardware Way,Dallas,TX,75201,South,residential,2023-09-25 00:00:00.000,2023-09-25 00:00:00.000,FALSE,2026-05-15 14:57:10.353 -0700
TBD_CU_000206,206,Charlie,Baker,charlie.baker.206@example.com,555-1442,206 Hardware Way,San Jose,CA,95101,West,contractor,2023-09-22 00:00:00.000,2023-09-22 00:00:00.000,FALSE,2026-05-15 14:57:10.353 -0700
TBD_CU_000207,207,Hayden,Nelson,hayden.nelson.207@example.com,555-1449,207 Hardware Way,Chicago,IL,60601,Midwest,contractor,2023-09-19 00:00:00.000,2023-09-19 00:00:00.000,FALSE,2026-05-15 14:57:10.353 -0700
TBD_CU_000208,208,Peyton,Carter,peyton.carter.208@example.com,555-1456,208 Hardware Way,Orlando,FL,32801,Southeast,contractor,2023-09-16 00:00:00.000,2023-09-16 00:00:00.000,FALSE,2026-05-15 14:57:10.353 -0700
TBD_CU_000209,209,Dakota,Mitchell,dakota.mitchell.209@example.com,555-1463,209 Hardware Way,Philadelphia,PA,19101,Northeast,business,2023-09-13 00:00:00.000,2023-09-13 00:00:00.000,FALSE,2026-05-15 14:57:10.353 -0700
TBD_CU_000210,210,Sage,Perez,sage.perez.210@example.com,555-1470,210 Hardware Way,Columbus,OH,43201,Midwest,residential,2023-09-10 00:00:00.000,2023-09-10 00:00:00.000,FALSE,2026-05-15 14:57:10.353 -0700
TBD_CU_000211,211,John,Smith,john.smith.211@example.com,555-1477,211 Hardware Way,Edison,NJ,08817,Northeast,residential,2023-09-07 00:00:00.000,2023-09-07 00:00:00.000,FALSE,2026-05-15 14:57:10.353 -0700
TBD_CU_000212,212,Jane,Johnson,jane.johnson.212@example.com,555-1484,212 Hardware Way,Atlanta,GA,30301,Southeast,residential,2023-09-04 00:00:00.000,2023-09-04 00:00:00.000,FALSE,2026-05-15 14:57:10.353 -0700
TBD_CU_000213,213,Alex,Williams,alex.williams.213@example.com,555-1491,213 Hardware Way,Indianapolis,IN,46201,Midwest,residential,2023-09-01 00:00:00.000,2023-09-01 00:00:00.000,FALSE,2026-05-15 14:57:10.353 -0700
TBD_CU_000214,214,Chris,Brown,chris.brown.214@example.com,555-1498,214 Hardware Way,Denver,CO,80201,West,residential,2023-08-29 00:00:00.000,2023-08-29 00:00:00.000,FALSE,2026-05-15 14:57:10.353 -0700
TBD_CU_000215,215,Pat,Jones,pat.jones.215@example.com,555-1505,215 Hardware Way,Dallas,TX,75201,South,residential,2023-08-26 00:00:00.000,2023-08-26 00:00:00.000,FALSE,2026-05-15 14:57:10.353 -0700
TBD_CU_000216,216,Sam,Garcia,sam.garcia.216@example.com,555-1512,216 Hardware Way,San Jose,CA,95101,West,contractor,2023-08-23 00:00:00.000,2023-08-23 00:00:00.000,FALSE,2026-05-15 14:57:10.353 -0700
TBD_CU_000217,217,Morgan,Miller,morgan.miller.217@example.com,555-1519,217 Hardware Way,Chicago,IL,60601,Midwest,contractor,2023-08-20 00:00:00.000,2023-08-20 00:00:00.000,FALSE,2026-05-15 14:57:10.353 -0700
TBD_CU_000218,218,Taylor,Davis,taylor.davis.218@example.com,555-1526,218 Hardware Way,Orlando,FL,32801,Southeast,contractor,2023-08-17 00:00:00.000,2023-08-17 00:00:00.000,FALSE,2026-05-15 14:57:10.353 -0700
TBD_CU_000219,219,Jordan,Martinez,jordan.martinez.219@example.com,555-1533,219 Hardware Way,Philadelphia,PA,19101,Northeast,business,2023-08-14 00:00:00.000,2023-08-14 00:00:00.000,FALSE,2026-05-15 14:57:10.353 -0700
TBD_CU_000220,220,Casey,Anderson,casey.anderson.220@example.com,555-1540,220 Hardware Way,Columbus,OH,43201,Midwest,residential,2023-08-11 00:00:00.000,2023-08-11 00:00:00.000,FALSE,2026-05-15 14:57:10.353 -0700
TBD_CU_000221,221,Drew,Thomas,drew.thomas.221@example.com,555-1547,221 Hardware Way,Edison,NJ,08817,Northeast,residential,2023-08-08 00:00:00.000,2023-08-08 00:00:00.000,FALSE,2026-05-15 14:57:10.353 -0700
TBD_CU_000222,222,Dylan,Jackson,dylan.jackson.222@example.com,555-1554,222 Hardware Way,Atlanta,GA,30301,Southeast,residential,2023-08-05 00:00:00.000,2023-08-05 00:00:00.000,FALSE,2026-05-15 14:57:10.353 -0700
TBD_CU_000223,223,Avery,White,avery.white.223@example.com,555-1561,223 Hardware Way,Indianapolis,IN,46201,Midwest,residential,2023-08-02 00:00:00.000,2023-08-02 00:00:00.000,FALSE,2026-05-15 14:57:10.353 -0700
TBD_CU_000224,224,Riley,Harris,riley.harris.224@example.com,555-1568,224 Hardware Way,Denver,CO,80201,West,residential,2023-07-30 00:00:00.000,2023-07-30 00:00:00.000,FALSE,2026-05-15 14:57:10.353 -0700
TBD_CU_000225,225,Quinn,Martin,quinn.martin.225@example.com,555-1575,225 Hardware Way,Dallas,TX,75201,South,residential,2023-07-27 00:00:00.000,2023-07-27 00:00:00.000,FALSE,2026-05-15 14:57:10.353 -0700
TBD_CU_000226,226,Blake,Thompson,blake.thompson.226@example.com,555-1582,226 Hardware Way,San Jose,CA,95101,West,contractor,2023-07-24 00:00:00.000,2023-07-24 00:00:00.000,FALSE,2026-05-15 14:57:10.353 -0700
TBD_CU_000227,227,Reese,Moore,reese.moore.227@example.com,555-1589,227 Hardware Way,Chicago,IL,60601,Midwest,contractor,2023-07-21 00:00:00.000,2023-07-21 00:00:00.000,FALSE,2026-05-15 14:57:10.353 -0700
TBD_CU_000228,228,Skyler,Allen,skyler.allen.228@example.com,555-1596,228 Hardware Way,Orlando,FL,32801,Southeast,contractor,2023-07-18 00:00:00.000,2023-07-18 00:00:00.000,FALSE,2026-05-15 14:57:10.353 -0700
TBD_CU_000229,229,Emery,Young,emery.young.229@example.com,555-1603,229 Hardware Way,Philadelphia,PA,19101,Northeast,business,2023-07-15 00:00:00.000,2023-07-15 00:00:00.000,FALSE,2026-05-15 14:57:10.353 -0700
TBD_CU_000230,230,Rowan,King,rowan.king.230@example.com,555-1610,230 Hardware Way,Columbus,OH,43201,Midwest,residential,2023-07-12 00:00:00.000,2023-07-12 00:00:00.000,FALSE,2026-05-15 14:57:10.353 -0700
TBD_CU_000231,231,Logan,Wright,logan.wright.231@example.com,555-1617,231 Hardware Way,Edison,NJ,08817,Northeast,residential,2023-07-09 00:00:00.000,2023-07-09 00:00:00.000,FALSE,2026-05-15 14:57:10.353 -0700
TBD_CU_000232,232,Parker,Scott,parker.scott.232@example.com,555-1624,232 Hardware Way,Atlanta,GA,30301,Southeast,residential,2023-07-06 00:00:00.000,2023-07-06 00:00:00.000,FALSE,2026-05-15 14:57:10.353 -0700
TBD_CU_000233,233,Harper,Hill,harper.hill.233@example.com,555-1631,233 Hardware Way,Indianapolis,IN,46201,Midwest,residential,2023-07-03 00:00:00.000,2023-07-03 00:00:00.000,FALSE,2026-05-15 14:57:10.353 -0700
TBD_CU_000234,234,Sawyer,Green,sawyer.green.234@example.com,555-1638,234 Hardware Way,Denver,CO,80201,West,residential,2023-06-30 00:00:00.000,2023-06-30 00:00:00.000,FALSE,2026-05-15 14:57:10.353 -0700
TBD_CU_000235,235,Finley,Adams,finley.adams.235@example.com,555-1645,235 Hardware Way,Dallas,TX,75201,South,residential,2023-06-27 00:00:00.000,2023-06-27 00:00:00.000,FALSE,2026-05-15 14:57:10.353 -0700
TBD_CU_000236,236,Charlie,Baker,charlie.baker.236@example.com,555-1652,236 Hardware Way,San Jose,CA,95101,West,contractor,2023-06-24 00:00:00.000,2023-06-24 00:00:00.000,FALSE,2026-05-15 14:57:10.353 -0700
TBD_CU_000237,237,Hayden,Nelson,hayden.nelson.237@example.com,555-1659,237 Hardware Way,Chicago,IL,60601,Midwest,contractor,2023-06-21 00:00:00.000,2023-06-21 00:00:00.000,FALSE,2026-05-15 14:57:10.353 -0700
TBD_CU_000238,238,Peyton,Carter,peyton.carter.238@example.com,555-1666,238 Hardware Way,Orlando,FL,32801,Southeast,contractor,2023-06-18 00:00:00.000,2023-06-18 00:00:00.000,FALSE,2026-05-15 14:57:10.353 -0700
TBD_CU_000239,239,Dakota,Mitchell,dakota.mitchell.239@example.com,555-1673,239 Hardware Way,Philadelphia,PA,19101,Northeast,business,2023-06-15 00:00:00.000,2023-06-15 00:00:00.000,FALSE,2026-05-15 14:57:10.353 -0700
TBD_CU_000240,240,Sage,Perez,sage.perez.240@example.com,555-1680,240 Hardware Way,Columbus,OH,43201,Midwest,residential,2023-06-12 00:00:00.000,2023-06-12 00:00:00.000,FALSE,2026-05-15 14:57:10.353 -0700
TBD_CU_000241,241,John,Smith,john.smith.241@example.com,555-1687,241 Hardware Way,Edison,NJ,08817,Northeast,residential,2023-06-09 00:00:00.000,2023-06-09 00:00:00.000,FALSE,2026-05-15 14:57:10.353 -0700
TBD_CU_000242,242,Jane,Johnson,jane.johnson.242@example.com,555-1694,242 Hardware Way,Atlanta,GA,30301,Southeast,residential,2023-06-06 00:00:00.000,2023-06-06 00:00:00.000,FALSE,2026-05-15 14:57:10.353 -0700
TBD_CU_000243,243,Alex,Williams,alex.williams.243@example.com,555-1701,243 Hardware Way,Indianapolis,IN,46201,Midwest,residential,2023-06-03 00:00:00.000,2023-06-03 00:00:00.000,FALSE,2026-05-15 14:57:10.353 -0700
TBD_CU_000244,244,Chris,Brown,chris.brown.244@example.com,555-1708,244 Hardware Way,Denver,CO,80201,West,residential,2023-05-31 00:00:00.000,2023-05-31 00:00:00.000,FALSE,2026-05-15 14:57:10.353 -0700
TBD_CU_000245,245,Pat,Jones,pat.jones.245@example.com,555-1715,245 Hardware Way,Dallas,TX,75201,South,residential,2023-05-28 00:00:00.000,2023-05-28 00:00:00.000,FALSE,2026-05-15 14:57:10.353 -0700
TBD_CU_000246,246,Sam,Garcia,sam.garcia.246@example.com,555-1722,246 Hardware Way,San Jose,CA,95101,West,contractor,2023-05-25 00:00:00.000,2023-05-25 00:00:00.000,FALSE,2026-05-15 14:57:10.353 -0700
TBD_CU_000247,247,Morgan,Miller,morgan.miller.247@example.com,555-1729,247 Hardware Way,Chicago,IL,60601,Midwest,contractor,2023-05-22 00:00:00.000,2023-05-22 00:00:00.000,FALSE,2026-05-15 14:57:10.353 -0700
TBD_CU_000248,248,Taylor,Davis,taylor.davis.248@example.com,555-1736,248 Hardware Way,Orlando,FL,32801,Southeast,contractor,2023-05-19 00:00:00.000,2023-05-19 00:00:00.000,FALSE,2026-05-15 14:57:10.353 -0700
TBD_CU_000249,249,Jordan,Martinez,jordan.martinez.249@example.com,555-1743,249 Hardware Way,Philadelphia,PA,19101,Northeast,business,2023-05-16 00:00:00.000,2023-05-16 00:00:00.000,FALSE,2026-05-15 14:57:10.353 -0700
TBD_CU_000250,250,Casey,Anderson,casey.anderson.250@example.com,555-1750,250 Hardware Way,Columbus,OH,43201,Midwest,residential,2023-05-13 00:00:00.000,2023-05-13 00:00:00.000,FALSE,2026-05-15 14:57:10.353 -0700
TBD_CU_000251,251,Drew,Thomas,drew.thomas.251@example.com,555-1757,251 Hardware Way,Edison,NJ,08817,Northeast,residential,2023-05-10 00:00:00.000,2023-05-10 00:00:00.000,FALSE,2026-05-15 14:57:10.353 -0700
TBD_CU_000252,252,Dylan,Jackson,dylan.jackson.252@example.com,555-1764,252 Hardware Way,Atlanta,GA,30301,Southeast,residential,2023-05-07 00:00:00.000,2023-05-07 00:00:00.000,FALSE,2026-05-15 14:57:10.353 -0700
TBD_CU_000253,253,Avery,White,avery.white.253@example.com,555-1771,253 Hardware Way,Indianapolis,IN,46201,Midwest,residential,2023-05-04 00:00:00.000,2023-05-04 00:00:00.000,FALSE,2026-05-15 14:57:10.353 -0700
TBD_CU_000254,254,Riley,Harris,riley.harris.254@example.com,555-1778,254 Hardware Way,Denver,CO,80201,West,residential,2023-05-01 00:00:00.000,2023-05-01 00:00:00.000,FALSE,2026-05-15 14:57:10.353 -0700
TBD_CU_000255,255,Quinn,Martin,quinn.martin.255@example.com,555-1785,255 Hardware Way,Dallas,TX,75201,South,residential,2023-04-28 00:00:00.000,2023-04-28 00:00:00.000,FALSE,2026-05-15 14:57:10.353 -0700
TBD_CU_000256,256,Blake,Thompson,blake.thompson.256@example.com,555-1792,256 Hardware Way,San Jose,CA,95101,West,contractor,2023-04-25 00:00:00.000,2023-04-25 00:00:00.000,FALSE,2026-05-15 14:57:10.353 -0700
TBD_CU_000257,257,Reese,Moore,reese.moore.257@example.com,555-1799,257 Hardware Way,Chicago,IL,60601,Midwest,contractor,2023-04-22 00:00:00.000,2023-04-22 00:00:00.000,FALSE,2026-05-15 14:57:10.353 -0700
TBD_CU_000258,258,Skyler,Allen,skyler.allen.258@example.com,555-1806,258 Hardware Way,Orlando,FL,32801,Southeast,contractor,2023-04-19 00:00:00.000,2023-04-19 00:00:00.000,FALSE,2026-05-15 14:57:10.353 -0700
TBD_CU_000259,259,Emery,Young,emery.young.259@example.com,555-1813,259 Hardware Way,Philadelphia,PA,19101,Northeast,business,2023-04-16 00:00:00.000,2023-04-16 00:00:00.000,FALSE,2026-05-15 14:57:10.353 -0700
TBD_CU_000260,260,Rowan,King,rowan.king.260@example.com,555-1820,260 Hardware Way,Columbus,OH,43201,Midwest,residential,2023-04-13 00:00:00.000,2023-04-13 00:00:00.000,FALSE,2026-05-15 14:57:10.353 -0700
TBD_CU_000261,261,Logan,Wright,logan.wright.261@example.com,555-1827,261 Hardware Way,Edison,NJ,08817,Northeast,residential,2023-04-10 00:00:00.000,2023-04-10 00:00:00.000,FALSE,2026-05-15 14:57:10.353 -0700
TBD_CU_000262,262,Parker,Scott,parker.scott.262@example.com,555-1834,262 Hardware Way,Atlanta,GA,30301,Southeast,residential,2023-04-07 00:00:00.000,2023-04-07 00:00:00.000,FALSE,2026-05-15 14:57:10.353 -0700
TBD_CU_000263,263,Harper,Hill,harper.hill.263@example.com,555-1841,263 Hardware Way,Indianapolis,IN,46201,Midwest,residential,2023-04-04 00:00:00.000,2023-04-04 00:00:00.000,FALSE,2026-05-15 14:57:10.353 -0700
TBD_CU_000264,264,Sawyer,Green,sawyer.green.264@example.com,555-1848,264 Hardware Way,Denver,CO,80201,West,residential,2023-04-01 00:00:00.000,2023-04-01 00:00:00.000,FALSE,2026-05-15 14:57:10.353 -0700
TBD_CU_000265,265,Finley,Adams,finley.adams.265@example.com,555-1855,265 Hardware Way,Dallas,TX,75201,South,residential,2023-03-29 00:00:00.000,2023-03-29 00:00:00.000,FALSE,2026-05-15 14:57:10.353 -0700
TBD_CU_000266,266,Charlie,Baker,charlie.baker.266@example.com,555-1862,266 Hardware Way,San Jose,CA,95101,West,contractor,2023-03-26 00:00:00.000,2023-03-26 00:00:00.000,FALSE,2026-05-15 14:57:10.353 -0700
TBD_CU_000267,267,Hayden,Nelson,hayden.nelson.267@example.com,555-1869,267 Hardware Way,Chicago,IL,60601,Midwest,contractor,2025-05-31 00:00:00.000,2025-05-31 00:00:00.000,FALSE,2026-05-15 14:57:10.353 -0700
TBD_CU_000268,268,Peyton,Carter,peyton.carter.268@example.com,555-1876,268 Hardware Way,Orlando,FL,32801,Southeast,contractor,2025-05-28 00:00:00.000,2025-05-28 00:00:00.000,FALSE,2026-05-15 14:57:10.353 -0700
TBD_CU_000269,269,Dakota,Mitchell,dakota.mitchell.269@example.com,555-1883,269 Hardware Way,Philadelphia,PA,19101,Northeast,business,2025-05-25 00:00:00.000,2025-05-25 00:00:00.000,FALSE,2026-05-15 14:57:10.353 -0700
TBD_CU_000270,270,Sage,Perez,sage.perez.270@example.com,555-1890,270 Hardware Way,Columbus,OH,43201,Midwest,residential,2025-05-22 00:00:00.000,2025-05-22 00:00:00.000,FALSE,2026-05-15 14:57:10.353 -0700
TBD_CU_000271,271,John,Smith,john.smith.271@example.com,555-1897,271 Hardware Way,Edison,NJ,08817,Northeast,residential,2025-05-19 00:00:00.000,2025-05-19 00:00:00.000,FALSE,2026-05-15 14:57:10.353 -0700
TBD_CU_000272,272,Jane,Johnson,jane.johnson.272@example.com,555-1904,272 Hardware Way,Atlanta,GA,30301,Southeast,residential,2025-05-16 00:00:00.000,2025-05-16 00:00:00.000,FALSE,2026-05-15 14:57:10.353 -0700
TBD_CU_000273,273,Alex,Williams,alex.williams.273@example.com,555-1911,273 Hardware Way,Indianapolis,IN,46201,Midwest,residential,2025-05-13 00:00:00.000,2025-05-13 00:00:00.000,FALSE,2026-05-15 14:57:10.353 -0700
TBD_CU_000274,274,Chris,Brown,chris.brown.274@example.com,555-1918,274 Hardware Way,Denver,CO,80201,West,residential,2025-05-10 00:00:00.000,2025-05-10 00:00:00.000,FALSE,2026-05-15 14:57:10.353 -0700
TBD_CU_000275,275,Pat,Jones,pat.jones.275@example.com,555-1925,275 Hardware Way,Dallas,TX,75201,South,residential,2025-05-07 00:00:00.000,2025-05-07 00:00:00.000,FALSE,2026-05-15 14:57:10.353 -0700
TBD_CU_000276,276,Sam,Garcia,sam.garcia.276@example.com,555-1932,276 Hardware Way,San Jose,CA,95101,West,contractor,2025-05-04 00:00:00.000,2025-05-04 00:00:00.000,FALSE,2026-05-15 14:57:10.353 -0700
TBD_CU_000277,277,Morgan,Miller,morgan.miller.277@example.com,555-1939,277 Hardware Way,Chicago,IL,60601,Midwest,contractor,2025-05-01 00:00:00.000,2025-05-01 00:00:00.000,FALSE,2026-05-15 14:57:10.353 -0700
TBD_CU_000278,278,Taylor,Davis,taylor.davis.278@example.com,555-1946,278 Hardware Way,Orlando,FL,32801,Southeast,contractor,2025-04-28 00:00:00.000,2025-04-28 00:00:00.000,FALSE,2026-05-15 14:57:10.353 -0700
TBD_CU_000279,279,Jordan,Martinez,jordan.martinez.279@example.com,555-1953,279 Hardware Way,Philadelphia,PA,19101,Northeast,business,2025-04-25 00:00:00.000,2025-04-25 00:00:00.000,FALSE,2026-05-15 14:57:10.353 -0700
TBD_CU_000280,280,Casey,Anderson,casey.anderson.280@example.com,555-1960,280 Hardware Way,Columbus,OH,43201,Midwest,residential,2025-04-22 00:00:00.000,2025-04-22 00:00:00.000,FALSE,2026-05-15 14:57:10.353 -0700
TBD_CU_000281,281,Drew,Thomas,drew.thomas.281@example.com,555-1967,281 Hardware Way,Edison,NJ,08817,Northeast,residential,2025-04-19 00:00:00.000,2025-04-19 00:00:00.000,FALSE,2026-05-15 14:57:10.353 -0700
TBD_CU_000282,282,Dylan,Jackson,dylan.jackson.282@example.com,555-1974,282 Hardware Way,Atlanta,GA,30301,Southeast,residential,2025-04-16 00:00:00.000,2025-04-16 00:00:00.000,FALSE,2026-05-15 14:57:10.353 -0700
TBD_CU_000283,283,Avery,White,avery.white.283@example.com,555-1981,283 Hardware Way,Indianapolis,IN,46201,Midwest,residential,2025-04-13 00:00:00.000,2025-04-13 00:00:00.000,FALSE,2026-05-15 14:57:10.353 -0700
TBD_CU_000284,284,Riley,Harris,riley.harris.284@example.com,555-1988,284 Hardware Way,Denver,CO,80201,West,residential,2025-04-10 00:00:00.000,2025-04-10 00:00:00.000,FALSE,2026-05-15 14:57:10.353 -0700
TBD_CU_000285,285,Quinn,Martin,quinn.martin.285@example.com,555-1995,285 Hardware Way,Dallas,TX,75201,South,residential,2025-04-07 00:00:00.000,2025-04-07 00:00:00.000,FALSE,2026-05-15 14:57:10.353 -0700
TBD_CU_000286,286,Blake,Thompson,blake.thompson.286@example.com,555-2002,286 Hardware Way,San Jose,CA,95101,West,contractor,2025-04-04 00:00:00.000,2025-04-04 00:00:00.000,FALSE,2026-05-15 14:57:10.353 -0700
TBD_CU_000287,287,Reese,Moore,reese.moore.287@example.com,555-2009,287 Hardware Way,Chicago,IL,60601,Midwest,contractor,2025-04-01 00:00:00.000,2025-04-01 00:00:00.000,FALSE,2026-05-15 14:57:10.353 -0700
TBD_CU_000288,288,Skyler,Allen,skyler.allen.288@example.com,555-2016,288 Hardware Way,Orlando,FL,32801,Southeast,contractor,2025-03-29 00:00:00.000,2025-03-29 00:00:00.000,FALSE,2026-05-15 14:57:10.353 -0700
TBD_CU_000289,289,Emery,Young,emery.young.289@example.com,555-2023,289 Hardware Way,Philadelphia,PA,19101,Northeast,business,2025-03-26 00:00:00.000,2025-03-26 00:00:00.000,FALSE,2026-05-15 14:57:10.353 -0700
TBD_CU_000290,290,Rowan,King,rowan.king.290@example.com,555-2030,290 Hardware Way,Columbus,OH,43201,Midwest,residential,2025-03-23 00:00:00.000,2025-03-23 00:00:00.000,FALSE,2026-05-15 14:57:10.353 -0700
TBD_CU_000291,291,Logan,Wright,logan.wright.291@example.com,555-2037,291 Hardware Way,Edison,NJ,08817,Northeast,residential,2025-03-20 00:00:00.000,2025-03-20 00:00:00.000,FALSE,2026-05-15 14:57:10.353 -0700
TBD_CU_000292,292,Parker,Scott,parker.scott.292@example.com,555-2044,292 Hardware Way,Atlanta,GA,30301,Southeast,residential,2025-03-17 00:00:00.000,2025-03-17 00:00:00.000,FALSE,2026-05-15 14:57:10.353 -0700
TBD_CU_000293,293,Harper,Hill,harper.hill.293@example.com,555-2051,293 Hardware Way,Indianapolis,IN,46201,Midwest,residential,2025-03-14 00:00:00.000,2025-03-14 00:00:00.000,FALSE,2026-05-15 14:57:10.353 -0700
TBD_CU_000294,294,Sawyer,Green,sawyer.green.294@example.com,555-2058,294 Hardware Way,Denver,CO,80201,West,residential,2025-03-11 00:00:00.000,2025-03-11 00:00:00.000,FALSE,2026-05-15 14:57:10.353 -0700
TBD_CU_000295,295,Finley,Adams,finley.adams.295@example.com,555-2065,295 Hardware Way,Dallas,TX,75201,South,residential,2025-03-08 00:00:00.000,2025-03-08 00:00:00.000,FALSE,2026-05-15 14:57:10.353 -0700
TBD_CU_000296,296,Charlie,Baker,charlie.baker.296@example.com,555-2072,296 Hardware Way,San Jose,CA,95101,West,contractor,2025-03-05 00:00:00.000,2025-03-05 00:00:00.000,FALSE,2026-05-15 14:57:10.353 -0700
TBD_CU_000297,297,Hayden,Nelson,hayden.nelson.297@example.com,555-2079,297 Hardware Way,Chicago,IL,60601,Midwest,contractor,2025-03-02 00:00:00.000,2025-03-02 00:00:00.000,FALSE,2026-05-15 14:57:10.353 -0700
TBD_CU_000298,298,Peyton,Carter,peyton.carter.298@example.com,555-2086,298 Hardware Way,Orlando,FL,32801,Southeast,contractor,2025-02-27 00:00:00.000,2025-02-27 00:00:00.000,FALSE,2026-05-15 14:57:10.353 -0700
TBD_CU_000299,299,Dakota,Mitchell,dakota.mitchell.299@example.com,555-2093,299 Hardware Way,Philadelphia,PA,19101,Northeast,business,2025-02-24 00:00:00.000,2025-02-24 00:00:00.000,FALSE,2026-05-15 14:57:10.353 -0700
TBD_CU_000300,300,Sage,Perez,sage.perez.300@example.com,555-2100,300 Hardware Way,Columbus,OH,43201,Midwest,residential,2025-02-21 00:00:00.000,2025-02-21 00:00:00.000,FALSE,2026-05-15 14:57:10.353 -0700
TBD_CU_000301,301,John,Smith,john.smith.301@example.com,555-2107,301 Hardware Way,Edison,NJ,08817,Northeast,residential,2025-02-18 00:00:00.000,2025-02-18 00:00:00.000,FALSE,2026-05-15 14:57:10.353 -0700
TBD_CU_000302,302,Jane,Johnson,jane.johnson.302@example.com,555-2114,302 Hardware Way,Atlanta,GA,30301,Southeast,residential,2025-02-15 00:00:00.000,2025-02-15 00:00:00.000,FALSE,2026-05-15 14:57:10.353 -0700
TBD_CU_000303,303,Alex,Williams,alex.williams.303@example.com,555-2121,303 Hardware Way,Indianapolis,IN,46201,Midwest,residential,2025-02-12 00:00:00.000,2025-02-12 00:00:00.000,FALSE,2026-05-15 14:57:10.353 -0700
TBD_CU_000304,304,Chris,Brown,chris.brown.304@example.com,555-2128,304 Hardware Way,Denver,CO,80201,West,residential,2025-02-09 00:00:00.000,2025-02-09 00:00:00.000,FALSE,2026-05-15 14:57:10.353 -0700
TBD_CU_000305,305,Pat,Jones,pat.jones.305@example.com,555-2135,305 Hardware Way,Dallas,TX,75201,South,residential,2025-02-06 00:00:00.000,2025-02-06 00:00:00.000,FALSE,2026-05-15 14:57:10.353 -0700
TBD_CU_000306,306,Sam,Garcia,sam.garcia.306@example.com,555-2142,306 Hardware Way,San Jose,CA,95101,West,contractor,2025-02-03 00:00:00.000,2025-02-03 00:00:00.000,FALSE,2026-05-15 14:57:10.353 -0700
TBD_CU_000307,307,Morgan,Miller,morgan.miller.307@example.com,555-2149,307 Hardware Way,Chicago,IL,60601,Midwest,contractor,2025-01-31 00:00:00.000,2025-01-31 00:00:00.000,FALSE,2026-05-15 14:57:10.353 -0700
TBD_CU_000308,308,Taylor,Davis,taylor.davis.308@example.com,555-2156,308 Hardware Way,Orlando,FL,32801,Southeast,contractor,2025-01-28 00:00:00.000,2025-01-28 00:00:00.000,FALSE,2026-05-15 14:57:10.353 -0700
TBD_CU_000309,309,Jordan,Martinez,jordan.martinez.309@example.com,555-2163,309 Hardware Way,Philadelphia,PA,19101,Northeast,business,2025-01-25 00:00:00.000,2025-01-25 00:00:00.000,FALSE,2026-05-15 14:57:10.353 -0700
TBD_CU_000310,310,Casey,Anderson,casey.anderson.310@example.com,555-2170,310 Hardware Way,Columbus,OH,43201,Midwest,residential,2025-01-22 00:00:00.000,2025-01-22 00:00:00.000,FALSE,2026-05-15 14:57:10.353 -0700
TBD_CU_000311,311,Drew,Thomas,drew.thomas.311@example.com,555-2177,311 Hardware Way,Edison,NJ,08817,Northeast,residential,2025-01-19 00:00:00.000,2025-01-19 00:00:00.000,FALSE,2026-05-15 14:57:10.353 -0700
TBD_CU_000312,312,Dylan,Jackson,dylan.jackson.312@example.com,555-2184,312 Hardware Way,Atlanta,GA,30301,Southeast,residential,2025-01-16 00:00:00.000,2025-01-16 00:00:00.000,FALSE,2026-05-15 14:57:10.353 -0700
TBD_CU_000313,313,Avery,White,avery.white.313@example.com,555-2191,313 Hardware Way,Indianapolis,IN,46201,Midwest,residential,2025-01-13 00:00:00.000,2025-01-13 00:00:00.000,FALSE,2026-05-15 14:57:10.353 -0700
TBD_CU_000314,314,Riley,Harris,riley.harris.314@example.com,555-2198,314 Hardware Way,Denver,CO,80201,West,residential,2025-01-10 00:00:00.000,2025-01-10 00:00:00.000,FALSE,2026-05-15 14:57:10.353 -0700
TBD_CU_000315,315,Quinn,Martin,quinn.martin.315@example.com,555-2205,315 Hardware Way,Dallas,TX,75201,South,residential,2025-01-07 00:00:00.000,2025-01-07 00:00:00.000,FALSE,2026-05-15 14:57:10.353 -0700
TBD_CU_000316,316,Blake,Thompson,blake.thompson.316@example.com,555-2212,316 Hardware Way,San Jose,CA,95101,West,contractor,2025-01-04 00:00:00.000,2025-01-04 00:00:00.000,FALSE,2026-05-15 14:57:10.353 -0700
TBD_CU_000317,317,Reese,Moore,reese.moore.317@example.com,555-2219,317 Hardware Way,Chicago,IL,60601,Midwest,contractor,2025-01-01 00:00:00.000,2025-01-01 00:00:00.000,FALSE,2026-05-15 14:57:10.353 -0700
TBD_CU_000318,318,Skyler,Allen,skyler.allen.318@example.com,555-2226,318 Hardware Way,Orlando,FL,32801,Southeast,contractor,2024-12-29 00:00:00.000,2024-12-29 00:00:00.000,FALSE,2026-05-15 14:57:10.353 -0700
TBD_CU_000319,319,Emery,Young,emery.young.319@example.com,555-2233,319 Hardware Way,Philadelphia,PA,19101,Northeast,business,2024-12-26 00:00:00.000,2024-12-26 00:00:00.000,FALSE,2026-05-15 14:57:10.353 -0700
TBD_CU_000320,320,Rowan,King,rowan.king.320@example.com,555-2240,320 Hardware Way,Columbus,OH,43201,Midwest,residential,2024-12-23 00:00:00.000,2024-12-23 00:00:00.000,FALSE,2026-05-15 14:57:10.353 -0700
TBD_CU_000321,321,Logan,Wright,logan.wright.321@example.com,555-2247,321 Hardware Way,Edison,NJ,08817,Northeast,residential,2024-12-20 00:00:00.000,2024-12-20 00:00:00.000,FALSE,2026-05-15 14:57:10.353 -0700
TBD_CU_000322,322,Parker,Scott,parker.scott.322@example.com,555-2254,322 Hardware Way,Atlanta,GA,30301,Southeast,residential,2024-12-17 00:00:00.000,2024-12-17 00:00:00.000,FALSE,2026-05-15 14:57:10.353 -0700
TBD_CU_000323,323,Harper,Hill,harper.hill.323@example.com,555-2261,323 Hardware Way,Indianapolis,IN,46201,Midwest,residential,2024-12-14 00:00:00.000,2024-12-14 00:00:00.000,FALSE,2026-05-15 14:57:10.353 -0700
TBD_CU_000324,324,Sawyer,Green,sawyer.green.324@example.com,555-2268,324 Hardware Way,Denver,CO,80201,West,residential,2024-12-11 00:00:00.000,2024-12-11 00:00:00.000,FALSE,2026-05-15 14:57:10.353 -0700
TBD_CU_000325,325,Finley,Adams,finley.adams.325@example.com,555-2275,325 Hardware Way,Dallas,TX,75201,South,residential,2024-12-08 00:00:00.000,2024-12-08 00:00:00.000,FALSE,2026-05-15 14:57:10.353 -0700
TBD_CU_000326,326,Charlie,Baker,charlie.baker.326@example.com,555-2282,326 Hardware Way,San Jose,CA,95101,West,contractor,2024-12-05 00:00:00.000,2024-12-05 00:00:00.000,FALSE,2026-05-15 14:57:10.353 -0700
TBD_CU_000327,327,Hayden,Nelson,hayden.nelson.327@example.com,555-2289,327 Hardware Way,Chicago,IL,60601,Midwest,contractor,2024-12-02 00:00:00.000,2024-12-02 00:00:00.000,FALSE,2026-05-15 14:57:10.353 -0700
TBD_CU_000328,328,Peyton,Carter,peyton.carter.328@example.com,555-2296,328 Hardware Way,Orlando,FL,32801,Southeast,contractor,2024-11-29 00:00:00.000,2024-11-29 00:00:00.000,FALSE,2026-05-15 14:57:10.353 -0700
TBD_CU_000329,329,Dakota,Mitchell,dakota.mitchell.329@example.com,555-2303,329 Hardware Way,Philadelphia,PA,19101,Northeast,business,2024-11-26 00:00:00.000,2024-11-26 00:00:00.000,FALSE,2026-05-15 14:57:10.353 -0700
TBD_CU_000330,330,Sage,Perez,sage.perez.330@example.com,555-2310,330 Hardware Way,Columbus,OH,43201,Midwest,residential,2024-11-23 00:00:00.000,2024-11-23 00:00:00.000,FALSE,2026-05-15 14:57:10.353 -0700
TBD_CU_000331,331,John,Smith,john.smith.331@example.com,555-2317,331 Hardware Way,Edison,NJ,08817,Northeast,residential,2024-11-20 00:00:00.000,2024-11-20 00:00:00.000,FALSE,2026-05-15 14:57:10.353 -0700
TBD_CU_000332,332,Jane,Johnson,jane.johnson.332@example.com,555-2324,332 Hardware Way,Atlanta,GA,30301,Southeast,residential,2024-11-17 00:00:00.000,2024-11-17 00:00:00.000,FALSE,2026-05-15 14:57:10.353 -0700
TBD_CU_000333,333,Alex,Williams,alex.williams.333@example.com,555-2331,333 Hardware Way,Indianapolis,IN,46201,Midwest,residential,2024-11-14 00:00:00.000,2024-11-14 00:00:00.000,FALSE,2026-05-15 14:57:10.353 -0700
TBD_CU_000334,334,Chris,Brown,chris.brown.334@example.com,555-2338,334 Hardware Way,Denver,CO,80201,West,residential,2024-11-11 00:00:00.000,2024-11-11 00:00:00.000,FALSE,2026-05-15 14:57:10.353 -0700
TBD_CU_000335,335,Pat,Jones,pat.jones.335@example.com,555-2345,335 Hardware Way,Dallas,TX,75201,South,residential,2024-11-08 00:00:00.000,2024-11-08 00:00:00.000,FALSE,2026-05-15 14:57:10.353 -0700
TBD_CU_000336,336,Sam,Garcia,sam.garcia.336@example.com,555-2352,336 Hardware Way,San Jose,CA,95101,West,contractor,2024-11-05 00:00:00.000,2024-11-05 00:00:00.000,FALSE,2026-05-15 14:57:10.353 -0700
TBD_CU_000337,337,Morgan,Miller,morgan.miller.337@example.com,555-2359,337 Hardware Way,Chicago,IL,60601,Midwest,contractor,2024-11-02 00:00:00.000,2024-11-02 00:00:00.000,FALSE,2026-05-15 14:57:10.353 -0700
TBD_CU_000338,338,Taylor,Davis,taylor.davis.338@example.com,555-2366,338 Hardware Way,Orlando,FL,32801,Southeast,contractor,2024-10-30 00:00:00.000,2024-10-30 00:00:00.000,FALSE,2026-05-15 14:57:10.353 -0700
TBD_CU_000339,339,Jordan,Martinez,jordan.martinez.339@example.com,555-2373,339 Hardware Way,Philadelphia,PA,19101,Northeast,business,2024-10-27 00:00:00.000,2024-10-27 00:00:00.000,FALSE,2026-05-15 14:57:10.353 -0700
TBD_CU_000340,340,Casey,Anderson,casey.anderson.340@example.com,555-2380,340 Hardware Way,Columbus,OH,43201,Midwest,residential,2024-10-24 00:00:00.000,2024-10-24 00:00:00.000,FALSE,2026-05-15 14:57:10.353 -0700
TBD_CU_000341,341,Drew,Thomas,drew.thomas.341@example.com,555-2387,341 Hardware Way,Edison,NJ,08817,Northeast,residential,2024-10-21 00:00:00.000,2024-10-21 00:00:00.000,FALSE,2026-05-15 14:57:10.353 -0700
TBD_CU_000342,342,Dylan,Jackson,dylan.jackson.342@example.com,555-2394,342 Hardware Way,Atlanta,GA,30301,Southeast,residential,2024-10-18 00:00:00.000,2024-10-18 00:00:00.000,FALSE,2026-05-15 14:57:10.353 -0700
TBD_CU_000343,343,Avery,White,avery.white.343@example.com,555-2401,343 Hardware Way,Indianapolis,IN,46201,Midwest,residential,2024-10-15 00:00:00.000,2024-10-15 00:00:00.000,FALSE,2026-05-15 14:57:10.353 -0700
TBD_CU_000344,344,Riley,Harris,riley.harris.344@example.com,555-2408,344 Hardware Way,Denver,CO,80201,West,residential,2024-10-12 00:00:00.000,2024-10-12 00:00:00.000,FALSE,2026-05-15 14:57:10.353 -0700
TBD_CU_000345,345,Quinn,Martin,quinn.martin.345@example.com,555-2415,345 Hardware Way,Dallas,TX,75201,South,residential,2024-10-09 00:00:00.000,2024-10-09 00:00:00.000,FALSE,2026-05-15 14:57:10.353 -0700
TBD_CU_000346,346,Blake,Thompson,blake.thompson.346@example.com,555-2422,346 Hardware Way,San Jose,CA,95101,West,contractor,2024-10-06 00:00:00.000,2024-10-06 00:00:00.000,FALSE,2026-05-15 14:57:10.353 -0700
TBD_CU_000347,347,Reese,Moore,reese.moore.347@example.com,555-2429,347 Hardware Way,Chicago,IL,60601,Midwest,contractor,2024-10-03 00:00:00.000,2024-10-03 00:00:00.000,FALSE,2026-05-15 14:57:10.353 -0700
TBD_CU_000348,348,Skyler,Allen,skyler.allen.348@example.com,555-2436,348 Hardware Way,Orlando,FL,32801,Southeast,contractor,2024-09-30 00:00:00.000,2024-09-30 00:00:00.000,FALSE,2026-05-15 14:57:10.353 -0700
TBD_CU_000349,349,Emery,Young,emery.young.349@example.com,555-2443,349 Hardware Way,Philadelphia,PA,19101,Northeast,business,2024-09-27 00:00:00.000,2024-09-27 00:00:00.000,FALSE,2026-05-15 14:57:10.353 -0700
TBD_CU_000350,350,Rowan,King,rowan.king.350@example.com,555-2450,350 Hardware Way,Columbus,OH,43201,Midwest,residential,2024-09-24 00:00:00.000,2024-09-24 00:00:00.000,FALSE,2026-05-15 14:57:10.353 -0700
TBD_CU_000351,351,Logan,Wright,logan.wright.351@example.com,555-2457,351 Hardware Way,Edison,NJ,08817,Northeast,residential,2024-09-21 00:00:00.000,2024-09-21 00:00:00.000,FALSE,2026-05-15 14:57:10.353 -0700
TBD_CU_000352,352,Parker,Scott,parker.scott.352@example.com,555-2464,352 Hardware Way,Atlanta,GA,30301,Southeast,residential,2024-09-18 00:00:00.000,2024-09-18 00:00:00.000,FALSE,2026-05-15 14:57:10.353 -0700
TBD_CU_000353,353,Harper,Hill,harper.hill.353@example.com,555-2471,353 Hardware Way,Indianapolis,IN,46201,Midwest,residential,2024-09-15 00:00:00.000,2024-09-15 00:00:00.000,FALSE,2026-05-15 14:57:10.353 -0700
TBD_CU_000354,354,Sawyer,Green,sawyer.green.354@example.com,555-2478,354 Hardware Way,Denver,CO,80201,West,residential,2024-09-12 00:00:00.000,2024-09-12 00:00:00.000,FALSE,2026-05-15 14:57:10.353 -0700
TBD_CU_000355,355,Finley,Adams,finley.adams.355@example.com,555-2485,355 Hardware Way,Dallas,TX,75201,South,residential,2024-09-09 00:00:00.000,2024-09-09 00:00:00.000,FALSE,2026-05-15 14:57:10.353 -0700
TBD_CU_000356,356,Charlie,Baker,charlie.baker.356@example.com,555-2492,356 Hardware Way,San Jose,CA,95101,West,contractor,2024-09-06 00:00:00.000,2024-09-06 00:00:00.000,FALSE,2026-05-15 14:57:10.353 -0700
TBD_CU_000357,357,Hayden,Nelson,hayden.nelson.357@example.com,555-2499,357 Hardware Way,Chicago,IL,60601,Midwest,contractor,2024-09-03 00:00:00.000,2024-09-03 00:00:00.000,FALSE,2026-05-15 14:57:10.353 -0700
TBD_CU_000358,358,Peyton,Carter,peyton.carter.358@example.com,555-2506,358 Hardware Way,Orlando,FL,32801,Southeast,contractor,2024-08-31 00:00:00.000,2024-08-31 00:00:00.000,FALSE,2026-05-15 14:57:10.353 -0700
TBD_CU_000359,359,Dakota,Mitchell,dakota.mitchell.359@example.com,555-2513,359 Hardware Way,Philadelphia,PA,19101,Northeast,business,2024-08-28 00:00:00.000,2024-08-28 00:00:00.000,FALSE,2026-05-15 14:57:10.353 -0700
TBD_CU_000360,360,Sage,Perez,sage.perez.360@example.com,555-2520,360 Hardware Way,Columbus,OH,43201,Midwest,residential,2024-08-25 00:00:00.000,2024-08-25 00:00:00.000,FALSE,2026-05-15 14:57:10.353 -0700
TBD_CU_000361,361,John,Smith,john.smith.361@example.com,555-2527,361 Hardware Way,Edison,NJ,08817,Northeast,residential,2024-08-22 00:00:00.000,2024-08-22 00:00:00.000,FALSE,2026-05-15 14:57:10.353 -0700
TBD_CU_000362,362,Jane,Johnson,jane.johnson.362@example.com,555-2534,362 Hardware Way,Atlanta,GA,30301,Southeast,residential,2024-08-19 00:00:00.000,2024-08-19 00:00:00.000,FALSE,2026-05-15 14:57:10.353 -0700
TBD_CU_000363,363,Alex,Williams,alex.williams.363@example.com,555-2541,363 Hardware Way,Indianapolis,IN,46201,Midwest,residential,2024-08-16 00:00:00.000,2024-08-16 00:00:00.000,FALSE,2026-05-15 14:57:10.353 -0700
TBD_CU_000364,364,Chris,Brown,chris.brown.364@example.com,555-2548,364 Hardware Way,Denver,CO,80201,West,residential,2024-08-13 00:00:00.000,2024-08-13 00:00:00.000,FALSE,2026-05-15 14:57:10.353 -0700
TBD_CU_000365,365,Pat,Jones,pat.jones.365@example.com,555-2555,365 Hardware Way,Dallas,TX,75201,South,residential,2024-08-10 00:00:00.000,2024-08-10 00:00:00.000,FALSE,2026-05-15 14:57:10.353 -0700
TBD_CU_000366,366,Sam,Garcia,sam.garcia.366@example.com,555-2562,366 Hardware Way,San Jose,CA,95101,West,contractor,2024-08-07 00:00:00.000,2024-08-07 00:00:00.000,FALSE,2026-05-15 14:57:10.353 -0700
TBD_CU_000367,367,Morgan,Miller,morgan.miller.367@example.com,555-2569,367 Hardware Way,Chicago,IL,60601,Midwest,contractor,2024-08-04 00:00:00.000,2024-08-04 00:00:00.000,FALSE,2026-05-15 14:57:10.353 -0700
TBD_CU_000368,368,Taylor,Davis,taylor.davis.368@example.com,555-2576,368 Hardware Way,Orlando,FL,32801,Southeast,contractor,2024-08-01 00:00:00.000,2024-08-01 00:00:00.000,FALSE,2026-05-15 14:57:10.353 -0700
TBD_CU_000369,369,Jordan,Martinez,jordan.martinez.369@example.com,555-2583,369 Hardware Way,Philadelphia,PA,19101,Northeast,business,2024-07-29 00:00:00.000,2024-07-29 00:00:00.000,FALSE,2026-05-15 14:57:10.353 -0700
TBD_CU_000370,370,Casey,Anderson,casey.anderson.370@example.com,555-2590,370 Hardware Way,Columbus,OH,43201,Midwest,residential,2024-07-26 00:00:00.000,2024-07-26 00:00:00.000,FALSE,2026-05-15 14:57:10.353 -0700
TBD_CU_000371,371,Drew,Thomas,drew.thomas.371@example.com,555-2597,371 Hardware Way,Edison,NJ,08817,Northeast,residential,2024-07-23 00:00:00.000,2024-07-23 00:00:00.000,FALSE,2026-05-15 14:57:10.353 -0700
TBD_CU_000372,372,Dylan,Jackson,dylan.jackson.372@example.com,555-2604,372 Hardware Way,Atlanta,GA,30301,Southeast,residential,2024-07-20 00:00:00.000,2024-07-20 00:00:00.000,FALSE,2026-05-15 14:57:10.353 -0700
TBD_CU_000373,373,Avery,White,avery.white.373@example.com,555-2611,373 Hardware Way,Indianapolis,IN,46201,Midwest,residential,2024-07-17 00:00:00.000,2024-07-17 00:00:00.000,FALSE,2026-05-15 14:57:10.353 -0700
TBD_CU_000374,374,Riley,Harris,riley.harris.374@example.com,555-2618,374 Hardware Way,Denver,CO,80201,West,residential,2024-07-14 00:00:00.000,2024-07-14 00:00:00.000,FALSE,2026-05-15 14:57:10.353 -0700
TBD_CU_000375,375,Quinn,Martin,quinn.martin.375@example.com,555-2625,375 Hardware Way,Dallas,TX,75201,South,residential,2024-07-11 00:00:00.000,2024-07-11 00:00:00.000,FALSE,2026-05-15 14:57:10.353 -0700
TBD_CU_000376,376,Blake,Thompson,blake.thompson.376@example.com,555-2632,376 Hardware Way,San Jose,CA,95101,West,contractor,2024-07-08 00:00:00.000,2024-07-08 00:00:00.000,FALSE,2026-05-15 14:57:10.353 -0700
TBD_CU_000377,377,Reese,Moore,reese.moore.377@example.com,555-2639,377 Hardware Way,Chicago,IL,60601,Midwest,contractor,2024-07-05 00:00:00.000,2024-07-05 00:00:00.000,FALSE,2026-05-15 14:57:10.353 -0700
TBD_CU_000378,378,Skyler,Allen,skyler.allen.378@example.com,555-2646,378 Hardware Way,Orlando,FL,32801,Southeast,contractor,2024-07-02 00:00:00.000,2024-07-02 00:00:00.000,FALSE,2026-05-15 14:57:10.353 -0700
TBD_CU_000379,379,Emery,Young,emery.young.379@example.com,555-2653,379 Hardware Way,Philadelphia,PA,19101,Northeast,business,2024-06-29 00:00:00.000,2024-06-29 00:00:00.000,FALSE,2026-05-15 14:57:10.353 -0700
TBD_CU_000380,380,Rowan,King,rowan.king.380@example.com,555-2660,380 Hardware Way,Columbus,OH,43201,Midwest,residential,2024-06-26 00:00:00.000,2024-06-26 00:00:00.000,FALSE,2026-05-15 14:57:10.353 -0700
TBD_CU_000381,381,Logan,Wright,logan.wright.381@example.com,555-2667,381 Hardware Way,Edison,NJ,08817,Northeast,residential,2024-06-23 00:00:00.000,2024-06-23 00:00:00.000,FALSE,2026-05-15 14:57:10.353 -0700
TBD_CU_000382,382,Parker,Scott,parker.scott.382@example.com,555-2674,382 Hardware Way,Atlanta,GA,30301,Southeast,residential,2024-06-20 00:00:00.000,2024-06-20 00:00:00.000,FALSE,2026-05-15 14:57:10.353 -0700
TBD_CU_000383,383,Harper,Hill,harper.hill.383@example.com,555-2681,383 Hardware Way,Indianapolis,IN,46201,Midwest,residential,2024-06-17 00:00:00.000,2024-06-17 00:00:00.000,FALSE,2026-05-15 14:57:10.353 -0700
TBD_CU_000384,384,Sawyer,Green,sawyer.green.384@example.com,555-2688,384 Hardware Way,Denver,CO,80201,West,residential,2024-06-14 00:00:00.000,2024-06-14 00:00:00.000,FALSE,2026-05-15 14:57:10.353 -0700
TBD_CU_000385,385,Finley,Adams,finley.adams.385@example.com,555-2695,385 Hardware Way,Dallas,TX,75201,South,residential,2024-06-11 00:00:00.000,2024-06-11 00:00:00.000,FALSE,2026-05-15 14:57:10.353 -0700
TBD_CU_000386,386,Charlie,Baker,charlie.baker.386@example.com,555-2702,386 Hardware Way,San Jose,CA,95101,West,contractor,2024-06-08 00:00:00.000,2024-06-08 00:00:00.000,FALSE,2026-05-15 14:57:10.353 -0700
TBD_CU_000387,387,Hayden,Nelson,hayden.nelson.387@example.com,555-2709,387 Hardware Way,Chicago,IL,60601,Midwest,contractor,2024-06-05 00:00:00.000,2024-06-05 00:00:00.000,FALSE,2026-05-15 14:57:10.353 -0700
TBD_CU_000388,388,Peyton,Carter,peyton.carter.388@example.com,555-2716,388 Hardware Way,Orlando,FL,32801,Southeast,contractor,2024-06-02 00:00:00.000,2024-06-02 00:00:00.000,FALSE,2026-05-15 14:57:10.353 -0700
TBD_CU_000389,389,Dakota,Mitchell,dakota.mitchell.389@example.com,555-2723,389 Hardware Way,Philadelphia,PA,19101,Northeast,business,2024-05-30 00:00:00.000,2024-05-30 00:00:00.000,FALSE,2026-05-15 14:57:10.353 -0700
TBD_CU_000390,390,Sage,Perez,sage.perez.390@example.com,555-2730,390 Hardware Way,Columbus,OH,43201,Midwest,residential,2024-05-27 00:00:00.000,2024-05-27 00:00:00.000,FALSE,2026-05-15 14:57:10.353 -0700
TBD_CU_000391,391,John,Smith,john.smith.391@example.com,555-2737,391 Hardware Way,Edison,NJ,08817,Northeast,residential,2024-05-24 00:00:00.000,2024-05-24 00:00:00.000,FALSE,2026-05-15 14:57:10.353 -0700
TBD_CU_000392,392,Jane,Johnson,jane.johnson.392@example.com,555-2744,392 Hardware Way,Atlanta,GA,30301,Southeast,residential,2024-05-21 00:00:00.000,2024-05-21 00:00:00.000,FALSE,2026-05-15 14:57:10.353 -0700
TBD_CU_000393,393,Alex,Williams,alex.williams.393@example.com,555-2751,393 Hardware Way,Indianapolis,IN,46201,Midwest,residential,2024-05-18 00:00:00.000,2024-05-18 00:00:00.000,FALSE,2026-05-15 14:57:10.353 -0700
TBD_CU_000394,394,Chris,Brown,chris.brown.394@example.com,555-2758,394 Hardware Way,Denver,CO,80201,West,residential,2024-05-15 00:00:00.000,2024-05-15 00:00:00.000,FALSE,2026-05-15 14:57:10.353 -0700
TBD_CU_000395,395,Pat,Jones,pat.jones.395@example.com,555-2765,395 Hardware Way,Dallas,TX,75201,South,residential,2024-05-12 00:00:00.000,2024-05-12 00:00:00.000,FALSE,2026-05-15 14:57:10.353 -0700
TBD_CU_000396,396,Sam,Garcia,sam.garcia.396@example.com,555-2772,396 Hardware Way,San Jose,CA,95101,West,contractor,2024-05-09 00:00:00.000,2024-05-09 00:00:00.000,FALSE,2026-05-15 14:57:10.353 -0700
TBD_CU_000397,397,Morgan,Miller,morgan.miller.397@example.com,555-2779,397 Hardware Way,Chicago,IL,60601,Midwest,contractor,2024-05-06 00:00:00.000,2024-05-06 00:00:00.000,FALSE,2026-05-15 14:57:10.353 -0700
TBD_CU_000398,398,Taylor,Davis,taylor.davis.398@example.com,555-2786,398 Hardware Way,Orlando,FL,32801,Southeast,contractor,2024-05-03 00:00:00.000,2024-05-03 00:00:00.000,FALSE,2026-05-15 14:57:10.353 -0700
TBD_CU_000399,399,Jordan,Martinez,jordan.martinez.399@example.com,555-2793,399 Hardware Way,Philadelphia,PA,19101,Northeast,business,2024-04-30 00:00:00.000,2024-04-30 00:00:00.000,FALSE,2026-05-15 14:57:10.353 -0700
TBD_CU_000400,400,Casey,Anderson,casey.anderson.400@example.com,555-2800,400 Hardware Way,Columbus,OH,43201,Midwest,residential,2024-04-27 00:00:00.000,2024-04-27 00:00:00.000,FALSE,2026-05-15 14:57:10.353 -0700
TBD_CU_000401,401,Mike,Thornton,mike.thornton@example.com,908-555-0101,1 VIP St,Edison,NJ,08817,Northeast,contractor,2024-04-24 00:00:00.000,2024-04-24 00:00:00.000,FALSE,2026-05-15 14:57:10.353 -0700
TBD_CU_000402,402,Sarah,Chen,sarah.chen@example.com,908-555-0102,2 VIP St,Edison,NJ,08817,Northeast,residential,2024-04-21 00:00:00.000,2024-04-21 00:00:00.000,FALSE,2026-05-15 14:57:10.353 -0700
TBD_CU_000403,403,David,Rodriguez,david.rodriguez@example.com,404-555-0103,3 VIP Ave,Atlanta,GA,30301,Southeast,contractor,2024-04-18 00:00:00.000,2024-04-18 00:00:00.000,FALSE,2026-05-15 14:57:10.353 -0700
TBD_CU_000404,404,James,Whitmore,james.whitmore@example.com,404-555-0104,4 Spend Ln,Atlanta,GA,30301,Southeast,business,2024-04-15 00:00:00.000,2024-04-15 00:00:00.000,FALSE,2026-05-15 14:57:10.353 -0700
TBD_CU_000405,405,Karen,Patel,karen.patel@example.com,317-555-0105,5 Spend Dr,Indianapolis,IN,46201,Midwest,business,2024-04-12 00:00:00.000,2024-04-12 00:00:00.000,FALSE,2026-05-15 14:57:10.353 -0700
TBD_CU_000406,406,Tom,Brewer,tom.brewer@example.com,908-555-0106,6 Loyal St,Edison,NJ,08817,Northeast,residential,2024-04-09 00:00:00.000,2024-04-09 00:00:00.000,FALSE,2026-05-15 14:57:10.353 -0700
TBD_CU_000407,407,Lisa,Nakamura,lisa.nakamura@example.com,404-555-0107,7 Loyal Ave,Atlanta,GA,30301,Southeast,residential,2024-04-06 00:00:00.000,2024-04-06 00:00:00.000,FALSE,2026-05-15 14:57:10.353 -0700
TBD_CU_000408,408,Greg,Foster,greg.foster@example.com,317-555-0108,8 Loyal Dr,Indianapolis,IN,46201,Midwest,residential,2024-04-03 00:00:00.000,2024-04-03 00:00:00.000,FALSE,2026-05-15 14:57:10.353 -0700
TBD_CU_000409,409,Rachel,Kim,rachel.kim@example.com,908-555-0109,9 Multi St,Edison,NJ,08817,Northeast,contractor,2024-03-31 00:00:00.000,2024-03-31 00:00:00.000,FALSE,2026-05-15 14:57:10.353 -0700
TBD_CU_000410,410,Marcus,Webb,marcus.webb@example.com,404-555-0110,10 Multi Ave,Atlanta,GA,30301,Southeast,contractor,2024-03-28 00:00:00.000,2024-03-28 00:00:00.000,FALSE,2026-05-15 14:57:10.353 -0700
TBD_CU_000411,411,Diane,Murphy,diane.murphy@example.com,317-555-0111,11 Low St,Indianapolis,IN,46201,Midwest,residential,2024-03-25 00:00:00.000,2024-03-25 00:00:00.000,FALSE,2026-05-15 14:57:10.353 -0700
TBD_CU_000412,412,Brian,Taylor,brian.taylor@example.com,908-555-0112,12 Low Ave,Edison,NJ,08817,Northeast,residential,2024-03-22 00:00:00.000,2024-03-22 00:00:00.000,FALSE,2026-05-15 14:57:10.353 -0700
TBD_CU_000413,413,Amy,Gonzalez,amy.gonzalez@example.com,404-555-0113,13 Scatter Dr,Atlanta,GA,30301,Southeast,residential,2024-03-19 00:00:00.000,2024-03-19 00:00:00.000,FALSE,2026-05-15 14:57:10.353 -0700
TBD_CU_000414,414,Robert,Singh,robert.singh@example.com,317-555-0114,14 Old Rd,Indianapolis,IN,46201,Midwest,contractor,2024-03-16 00:00:00.000,2024-03-16 00:00:00.000,FALSE,2026-05-15 14:57:10.353 -0700
TBD_CU_000415,415,Cathy,Liu,cathy.liu@example.com,908-555-0115,15 Edge St,Edison,NJ,08817,Northeast,residential,2024-03-13 00:00:00.000,2024-03-13 00:00:00.000,FALSE,2026-05-15 14:57:10.353 -0700
TBD_CU_000416,416,Charlie,Baker,charlie.baker.416@example.com,555-2912,416 Hardware Way,San Jose,CA,95101,West,contractor,2024-03-10 00:00:00.000,2024-03-10 00:00:00.000,FALSE,2026-05-15 14:57:10.353 -0700
TBD_CU_000417,417,Hayden,Nelson,hayden.nelson.417@example.com,555-2919,417 Hardware Way,Chicago,IL,60601,Midwest,contractor,2024-03-07 00:00:00.000,2024-03-07 00:00:00.000,FALSE,2026-05-15 14:57:10.353 -0700
TBD_CU_000418,418,Peyton,Carter,peyton.carter.418@example.com,555-2926,418 Hardware Way,Orlando,FL,32801,Southeast,contractor,2024-03-04 00:00:00.000,2024-03-04 00:00:00.000,FALSE,2026-05-15 14:57:10.353 -0700
TBD_CU_000419,419,Dakota,Mitchell,dakota.mitchell.419@example.com,555-2933,419 Hardware Way,Philadelphia,PA,19101,Northeast,business,2024-03-01 00:00:00.000,2024-03-01 00:00:00.000,FALSE,2026-05-15 14:57:10.353 -0700
TBD_CU_000420,420,Sage,Perez,sage.perez.420@example.com,555-2940,420 Hardware Way,Columbus,OH,43201,Midwest,residential,2024-02-27 00:00:00.000,2024-02-27 00:00:00.000,FALSE,2026-05-15 14:57:10.353 -0700
TBD_CU_000421,421,John,Smith,john.smith.421@example.com,555-2947,421 Hardware Way,Edison,NJ,08817,Northeast,residential,2024-02-24 00:00:00.000,2024-02-24 00:00:00.000,FALSE,2026-05-15 14:57:10.353 -0700
TBD_CU_000422,422,Jane,Johnson,jane.johnson.422@example.com,555-2954,422 Hardware Way,Atlanta,GA,30301,Southeast,residential,2024-02-21 00:00:00.000,2024-02-21 00:00:00.000,FALSE,2026-05-15 14:57:10.353 -0700
TBD_CU_000423,423,Alex,Williams,alex.williams.423@example.com,555-2961,423 Hardware Way,Indianapolis,IN,46201,Midwest,residential,2024-02-18 00:00:00.000,2024-02-18 00:00:00.000,FALSE,2026-05-15 14:57:10.353 -0700
TBD_CU_000424,424,Chris,Brown,chris.brown.424@example.com,555-2968,424 Hardware Way,Denver,CO,80201,West,residential,2024-02-15 00:00:00.000,2024-02-15 00:00:00.000,FALSE,2026-05-15 14:57:10.353 -0700
TBD_CU_000425,425,Pat,Jones,pat.jones.425@example.com,555-2975,425 Hardware Way,Dallas,TX,75201,South,residential,2024-02-12 00:00:00.000,2024-02-12 00:00:00.000,FALSE,2026-05-15 14:57:10.353 -0700
TBD_CU_000426,426,Sam,Garcia,sam.garcia.426@example.com,555-2982,426 Hardware Way,San Jose,CA,95101,West,contractor,2024-02-09 00:00:00.000,2024-02-09 00:00:00.000,FALSE,2026-05-15 14:57:10.353 -0700
TBD_CU_000427,427,Morgan,Miller,morgan.miller.427@example.com,555-2989,427 Hardware Way,Chicago,IL,60601,Midwest,contractor,2024-02-06 00:00:00.000,2024-02-06 00:00:00.000,FALSE,2026-05-15 14:57:10.353 -0700
TBD_CU_000428,428,Taylor,Davis,taylor.davis.428@example.com,555-2996,428 Hardware Way,Orlando,FL,32801,Southeast,contractor,2024-02-03 00:00:00.000,2024-02-03 00:00:00.000,FALSE,2026-05-15 14:57:10.353 -0700
TBD_CU_000429,429,Jordan,Martinez,jordan.martinez.429@example.com,555-3003,429 Hardware Way,Philadelphia,PA,19101,Northeast,business,2024-01-31 00:00:00.000,2024-01-31 00:00:00.000,FALSE,2026-05-15 14:57:10.353 -0700
TBD_CU_000430,430,Casey,Anderson,casey.anderson.430@example.com,555-3010,430 Hardware Way,Columbus,OH,43201,Midwest,residential,2024-01-28 00:00:00.000,2024-01-28 00:00:00.000,FALSE,2026-05-15 14:57:10.353 -0700
TBD_CU_000431,431,Drew,Thomas,drew.thomas.431@example.com,555-3017,431 Hardware Way,Edison,NJ,08817,Northeast,residential,2024-01-25 00:00:00.000,2024-01-25 00:00:00.000,FALSE,2026-05-15 14:57:10.353 -0700
TBD_CU_000432,432,Dylan,Jackson,dylan.jackson.432@example.com,555-3024,432 Hardware Way,Atlanta,GA,30301,Southeast,residential,2024-01-22 00:00:00.000,2024-01-22 00:00:00.000,FALSE,2026-05-15 14:57:10.353 -0700
TBD_CU_000433,433,Avery,White,avery.white.433@example.com,555-3031,433 Hardware Way,Indianapolis,IN,46201,Midwest,residential,2024-01-19 00:00:00.000,2024-01-19 00:00:00.000,FALSE,2026-05-15 14:57:10.353 -0700
TBD_CU_000434,434,Riley,Harris,riley.harris.434@example.com,555-3038,434 Hardware Way,Denver,CO,80201,West,residential,2024-01-16 00:00:00.000,2024-01-16 00:00:00.000,FALSE,2026-05-15 14:57:10.353 -0700
TBD_CU_000435,435,Quinn,Martin,quinn.martin.435@example.com,555-3045,435 Hardware Way,Dallas,TX,75201,South,residential,2024-01-13 00:00:00.000,2024-01-13 00:00:00.000,FALSE,2026-05-15 14:57:10.353 -0700
TBD_CU_000436,436,Blake,Thompson,blake.thompson.436@example.com,555-3052,436 Hardware Way,San Jose,CA,95101,West,contractor,2024-01-10 00:00:00.000,2024-01-10 00:00:00.000,FALSE,2026-05-15 14:57:10.353 -0700
TBD_CU_000437,437,Reese,Moore,reese.moore.437@example.com,555-3059,437 Hardware Way,Chicago,IL,60601,Midwest,contractor,2024-01-07 00:00:00.000,2024-01-07 00:00:00.000,FALSE,2026-05-15 14:57:10.353 -0700
TBD_CU_000438,438,Skyler,Allen,skyler.allen.438@example.com,555-3066,438 Hardware Way,Orlando,FL,32801,Southeast,contractor,2024-01-04 00:00:00.000,2024-01-04 00:00:00.000,FALSE,2026-05-15 14:57:10.353 -0700
TBD_CU_000439,439,Emery,Young,emery.young.439@example.com,555-3073,439 Hardware Way,Philadelphia,PA,19101,Northeast,business,2024-01-01 00:00:00.000,2024-01-01 00:00:00.000,FALSE,2026-05-15 14:57:10.353 -0700
TBD_CU_000440,440,Rowan,King,rowan.king.440@example.com,555-3080,440 Hardware Way,Columbus,OH,43201,Midwest,residential,2023-12-29 00:00:00.000,2023-12-29 00:00:00.000,FALSE,2026-05-15 14:57:10.353 -0700
TBD_CU_000441,441,Logan,Wright,logan.wright.441@example.com,555-3087,441 Hardware Way,Edison,NJ,08817,Northeast,residential,2023-12-26 00:00:00.000,2023-12-26 00:00:00.000,FALSE,2026-05-15 14:57:10.353 -0700
TBD_CU_000442,442,Parker,Scott,parker.scott.442@example.com,555-3094,442 Hardware Way,Atlanta,GA,30301,Southeast,residential,2023-12-23 00:00:00.000,2023-12-23 00:00:00.000,FALSE,2026-05-15 14:57:10.353 -0700
TBD_CU_000443,443,Harper,Hill,harper.hill.443@example.com,555-3101,443 Hardware Way,Indianapolis,IN,46201,Midwest,residential,2023-12-20 00:00:00.000,2023-12-20 00:00:00.000,FALSE,2026-05-15 14:57:10.353 -0700
TBD_CU_000444,444,Sawyer,Green,sawyer.green.444@example.com,555-3108,444 Hardware Way,Denver,CO,80201,West,residential,2023-12-17 00:00:00.000,2023-12-17 00:00:00.000,FALSE,2026-05-15 14:57:10.353 -0700
TBD_CU_000445,445,Finley,Adams,finley.adams.445@example.com,555-3115,445 Hardware Way,Dallas,TX,75201,South,residential,2023-12-14 00:00:00.000,2023-12-14 00:00:00.000,FALSE,2026-05-15 14:57:10.353 -0700
TBD_CU_000446,446,Charlie,Baker,charlie.baker.446@example.com,555-3122,446 Hardware Way,San Jose,CA,95101,West,contractor,2023-12-11 00:00:00.000,2023-12-11 00:00:00.000,FALSE,2026-05-15 14:57:10.353 -0700
TBD_CU_000447,447,Hayden,Nelson,hayden.nelson.447@example.com,555-3129,447 Hardware Way,Chicago,IL,60601,Midwest,contractor,2023-12-08 00:00:00.000,2023-12-08 00:00:00.000,FALSE,2026-05-15 14:57:10.353 -0700
TBD_CU_000448,448,Peyton,Carter,peyton.carter.448@example.com,555-3136,448 Hardware Way,Orlando,FL,32801,Southeast,contractor,2023-12-05 00:00:00.000,2023-12-05 00:00:00.000,FALSE,2026-05-15 14:57:10.353 -0700
TBD_CU_000449,449,Dakota,Mitchell,dakota.mitchell.449@example.com,555-3143,449 Hardware Way,Philadelphia,PA,19101,Northeast,business,2023-12-02 00:00:00.000,2023-12-02 00:00:00.000,FALSE,2026-05-15 14:57:10.353 -0700
TBD_CU_000450,450,Sage,Perez,sage.perez.450@example.com,555-3150,450 Hardware Way,Columbus,OH,43201,Midwest,residential,2023-11-29 00:00:00.000,2023-11-29 00:00:00.000,FALSE,2026-05-15 14:57:10.353 -0700
TBD_CU_000451,451,John,Smith,john.smith.451@example.com,555-3157,451 Hardware Way,Edison,NJ,08817,Northeast,residential,2023-11-26 00:00:00.000,2023-11-26 00:00:00.000,FALSE,2026-05-15 14:57:10.353 -0700
TBD_CU_000452,452,Jane,Johnson,jane.johnson.452@example.com,555-3164,452 Hardware Way,Atlanta,GA,30301,Southeast,residential,2023-11-23 00:00:00.000,2023-11-23 00:00:00.000,FALSE,2026-05-15 14:57:10.353 -0700
TBD_CU_000453,453,Alex,Williams,alex.williams.453@example.com,555-3171,453 Hardware Way,Indianapolis,IN,46201,Midwest,residential,2023-11-20 00:00:00.000,2023-11-20 00:00:00.000,FALSE,2026-05-15 14:57:10.353 -0700
TBD_CU_000454,454,Chris,Brown,chris.brown.454@example.com,555-3178,454 Hardware Way,Denver,CO,80201,West,residential,2023-11-17 00:00:00.000,2023-11-17 00:00:00.000,FALSE,2026-05-15 14:57:10.353 -0700
TBD_CU_000455,455,Pat,Jones,pat.jones.455@example.com,555-3185,455 Hardware Way,Dallas,TX,75201,South,residential,2023-11-14 00:00:00.000,2023-11-14 00:00:00.000,FALSE,2026-05-15 14:57:10.353 -0700
TBD_CU_000456,456,Sam,Garcia,sam.garcia.456@example.com,555-3192,456 Hardware Way,San Jose,CA,95101,West,contractor,2023-11-11 00:00:00.000,2023-11-11 00:00:00.000,FALSE,2026-05-15 14:57:10.353 -0700
TBD_CU_000457,457,Morgan,Miller,morgan.miller.457@example.com,555-3199,457 Hardware Way,Chicago,IL,60601,Midwest,contractor,2023-11-08 00:00:00.000,2023-11-08 00:00:00.000,FALSE,2026-05-15 14:57:10.353 -0700
TBD_CU_000458,458,Taylor,Davis,taylor.davis.458@example.com,555-3206,458 Hardware Way,Orlando,FL,32801,Southeast,contractor,2023-11-05 00:00:00.000,2023-11-05 00:00:00.000,FALSE,2026-05-15 14:57:10.353 -0700
TBD_CU_000459,459,Jordan,Martinez,jordan.martinez.459@example.com,555-3213,459 Hardware Way,Philadelphia,PA,19101,Northeast,business,2023-11-02 00:00:00.000,2023-11-02 00:00:00.000,FALSE,2026-05-15 14:57:10.353 -0700
TBD_CU_000460,460,Casey,Anderson,casey.anderson.460@example.com,555-3220,460 Hardware Way,Columbus,OH,43201,Midwest,residential,2023-10-30 00:00:00.000,2023-10-30 00:00:00.000,FALSE,2026-05-15 14:57:10.353 -0700
TBD_CU_000461,461,Drew,Thomas,drew.thomas.461@example.com,555-3227,461 Hardware Way,Edison,NJ,08817,Northeast,residential,2023-10-27 00:00:00.000,2023-10-27 00:00:00.000,FALSE,2026-05-15 14:57:10.353 -0700
TBD_CU_000462,462,Dylan,Jackson,dylan.jackson.462@example.com,555-3234,462 Hardware Way,Atlanta,GA,30301,Southeast,residential,2023-10-24 00:00:00.000,2023-10-24 00:00:00.000,FALSE,2026-05-15 14:57:10.353 -0700
TBD_CU_000463,463,Avery,White,avery.white.463@example.com,555-3241,463 Hardware Way,Indianapolis,IN,46201,Midwest,residential,2023-10-21 00:00:00.000,2023-10-21 00:00:00.000,FALSE,2026-05-15 14:57:10.353 -0700
TBD_CU_000464,464,Riley,Harris,riley.harris.464@example.com,555-3248,464 Hardware Way,Denver,CO,80201,West,residential,2023-10-18 00:00:00.000,2023-10-18 00:00:00.000,FALSE,2026-05-15 14:57:10.353 -0700
TBD_CU_000465,465,Quinn,Martin,quinn.martin.465@example.com,555-3255,465 Hardware Way,Dallas,TX,75201,South,residential,2023-10-15 00:00:00.000,2023-10-15 00:00:00.000,FALSE,2026-05-15 14:57:10.353 -0700
TBD_CU_000466,466,Blake,Thompson,blake.thompson.466@example.com,555-3262,466 Hardware Way,San Jose,CA,95101,West,contractor,2023-10-12 00:00:00.000,2023-10-12 00:00:00.000,FALSE,2026-05-15 14:57:10.353 -0700
TBD_CU_000467,467,Reese,Moore,reese.moore.467@example.com,555-3269,467 Hardware Way,Chicago,IL,60601,Midwest,contractor,2023-10-09 00:00:00.000,2023-10-09 00:00:00.000,FALSE,2026-05-15 14:57:10.353 -0700
TBD_CU_000468,468,Skyler,Allen,skyler.allen.468@example.com,555-3276,468 Hardware Way,Orlando,FL,32801,Southeast,contractor,2023-10-06 00:00:00.000,2023-10-06 00:00:00.000,FALSE,2026-05-15 14:57:10.353 -0700
TBD_CU_000469,469,Emery,Young,emery.young.469@example.com,555-3283,469 Hardware Way,Philadelphia,PA,19101,Northeast,business,2023-10-03 00:00:00.000,2023-10-03 00:00:00.000,FALSE,2026-05-15 14:57:10.353 -0700
TBD_CU_000470,470,Rowan,King,rowan.king.470@example.com,555-3290,470 Hardware Way,Columbus,OH,43201,Midwest,residential,2023-09-30 00:00:00.000,2023-09-30 00:00:00.000,FALSE,2026-05-15 14:57:10.353 -0700
